timeframe,strategy_name,exit_model,filter_preset,experiment_name,segment,split_time,row_count,base_candidate_count,accepted_candidate_count,candidate_acceptance_rate,trade_count,net_profit,profit_per_trade,profit_factor,win_rate,sharpe,sortino,max_drawdown,ending_balance,dominant_hour_trade_share,top_three_hours_trade_share,dominant_hour_pnl_share
M15,trend_pullback,fixed_tp,loose,baseline_all_day,IS,2025-07-23 11:15:00,96007,11110,11110,1.0,90,-532.6892944704377,-5.91876993856042,0.6153447941074487,0.4111111111111111,-2.046216584496111,-5.79687844352227,44.52913323825891,967.3107055295623,0.13333333333333333,0.3111111111111111,0.25827330179988056
M15,trend_pullback,fixed_tp,loose,session_only,IS,2025-07-23 11:15:00,96007,11110,6736,0.6063006300630063,88,-501.23821777699504,-5.695888838374944,0.6604095746183745,0.3522727272727273,-1.7218540152763855,-5.229503406839499,42.27267290661452,998.761782223005,0.14772727272727273,0.38636363636363635,0.264650296889477
M15,trend_pullback,fixed_tp,loose,volume_only,IS,2025-07-23 11:15:00,96007,11110,7110,0.63996399639964,125,32845.25407100762,262.762032568061,25.730490456129456,0.272,0.9888033516699526,235.12440445116576,35.489540745858804,34345.25407100762,0.12,0.344,0.9989494735729783
M15,trend_pullback,fixed_tp,loose,atr_only,IS,2025-07-23 11:15:00,96007,11110,9411,0.8470747074707471,91,-525.9816081125473,-5.780017671566454,0.6426846351143954,0.3626373626373626,-1.8457379641007323,-4.841114702246007,41.09636796855588,974.0183918874527,0.10989010989010989,0.26373626373626374,0.21663689319327467
M15,trend_pullback,fixed_tp,loose,adx_only,IS,2025-07-23 11:15:00,96007,11110,8317,0.7486048604860486,141,32842.5009062815,232.925538342422,24.426191453061982,0.2765957446808511,0.98828232076118,243.84802543229316,37.37316618799863,34342.5009062815,0.09929078014184398,0.28368794326241137,0.997795772787963
M15,trend_pullback,fixed_tp,loose,volume_atr,IS,2025-07-23 11:15:00,96007,11110,6596,0.5936993699369937,70,32837.39893423315,469.10569906047357,32.6899758170306,0.2571428571428571,0.9916181785326162,240.93351968848188,35.383257641289,34337.39893423315,0.14285714285714285,0.38571428571428573,0.9969453745264172
M15,trend_pullback,fixed_tp,loose,adaptive_quality,IS,2025-07-23 11:15:00,96007,11110,5105,0.4594959495949595,77,32844.98069683906,426.5581908680398,31.501806425945556,0.2727272727272727,0.9912168169836396,235.4787157398306,34.88919821462127,34344.98069683906,0.14285714285714285,0.38961038961038963,0.9969458925095855
M15,trend_pullback,fixed_tp,loose,session_plus_adaptive,IS,2025-07-23 11:15:00,96007,11110,4009,0.36084608460846085,74,32838.149056781775,443.75877103759154,31.802464427323304,0.2702702702702703,0.9912644546963246,238.52054799276024,35.33437651224691,34338.149056781775,0.17567567567567569,0.43243243243243246,0.9989714655755895
M15,trend_pullback,fixed_tp,loose,baseline_all_day,OOS,2025-07-23 11:15:00,24002,3092,3092,1.0,6,-583.6031177509904,-97.26718629183172,0.0,0.0,-23.55089185525973,-23.55089185525973,38.90687451673269,916.3968822490096,0.6666666666666666,1.0,
M15,trend_pullback,fixed_tp,loose,session_only,OOS,2025-07-23 11:15:00,24002,3092,1841,0.5954075032341527,6,-635.8478398258922,-105.97463997098203,0.0,0.0,-22.68295754114465,-22.68295754114465,42.38985598839281,864.1521601741078,0.6666666666666666,1.0,
M15,trend_pullback,fixed_tp,loose,volume_only,OOS,2025-07-23 11:15:00,24002,3092,1977,0.639391979301423,6,-583.6031177509904,-97.26718629183172,0.0,0.0,-23.55089185525973,-23.55089185525973,38.90687451673269,916.3968822490096,0.6666666666666666,1.0,
M15,trend_pullback,fixed_tp,loose,atr_only,OOS,2025-07-23 11:15:00,24002,3092,2890,0.9346701164294955,6,-583.6031177509904,-97.26718629183172,0.0,0.0,-23.55089185525973,-23.55089185525973,38.90687451673269,916.3968822490096,0.6666666666666666,1.0,
M15,trend_pullback,fixed_tp,loose,adx_only,OOS,2025-07-23 11:15:00,24002,3092,2172,0.702457956015524,6,-636.204925702732,-106.03415428378867,0.0,0.0,-22.861381154407685,-22.861381154407685,42.41366171351547,863.795074297268,0.3333333333333333,1.0,
M15,trend_pullback,fixed_tp,loose,volume_atr,OOS,2025-07-23 11:15:00,24002,3092,1930,0.6241914618369987,6,-583.6031177509904,-97.26718629183172,0.0,0.0,-23.55089185525973,-23.55089185525973,38.90687451673269,916.3968822490096,0.6666666666666666,1.0,
M15,trend_pullback,fixed_tp,loose,adaptive_quality,OOS,2025-07-23 11:15:00,24002,3092,1369,0.4427554980595084,6,-636.204925702732,-106.03415428378867,0.0,0.0,-22.861381154407685,-22.861381154407685,42.41366171351547,863.795074297268,0.3333333333333333,1.0,
M15,trend_pullback,fixed_tp,loose,session_plus_adaptive,OOS,2025-07-23 11:15:00,24002,3092,935,0.3023932729624838,273,12727.778999973953,46.62190109880569,2.596307074884533,0.38461538461538464,0.9603442424725144,34.18922301128748,55.29302759909559,14227.778999973953,0.0989010989010989,0.2857142857142857,0.8756106738775911
M15,trend_pullback,fixed_tp,moderate,baseline_all_day,IS,2025-07-23 11:15:00,96007,11110,11110,1.0,90,-532.6892944704377,-5.91876993856042,0.6153447941074487,0.4111111111111111,-2.046216584496111,-5.79687844352227,44.52913323825891,967.3107055295623,0.13333333333333333,0.3111111111111111,0.25827330179988056
M15,trend_pullback,fixed_tp,moderate,session_only,IS,2025-07-23 11:15:00,96007,11110,6736,0.6063006300630063,88,-501.23821777699504,-5.695888838374944,0.6604095746183745,0.3522727272727273,-1.7218540152763855,-5.229503406839499,42.27267290661452,998.761782223005,0.14772727272727273,0.38636363636363635,0.264650296889477
M15,trend_pullback,fixed_tp,moderate,volume_only,IS,2025-07-23 11:15:00,96007,11110,6522,0.587038703870387,115,32840.85265845268,285.572631812632,26.883072928623978,0.2608695652173913,0.9890069688901466,240.54471213905813,35.77363298533521,34340.85265845268,0.13043478260869565,0.3652173913043478,0.9984630247394859
M15,trend_pullback,fixed_tp,moderate,atr_only,IS,2025-07-23 11:15:00,96007,11110,8399,0.755985598559856,85,-535.4417702790079,-6.299314944458916,0.6247874513980258,0.35294117647058826,-1.903008491731169,-5.0876565139968,41.33283395574632,964.5582297209921,0.08235294117647059,0.24705882352941178,0.26884153294351243
M15,trend_pullback,fixed_tp,moderate,adx_only,IS,2025-07-23 11:15:00,96007,11110,7246,0.6522052205220522,131,32845.06698250338,250.72570215651433,25.58430197735093,0.26717557251908397,0.9886222993295832,245.83772200328232,37.21192902238241,34345.06698250338,0.1297709923664122,0.3053435114503817,0.9969052379166674
M15,trend_pullback,fixed_tp,moderate,volume_atr,IS,2025-07-23 11:15:00,96007,11110,5714,0.5143114311431143,69,32845.708345689025,476.02475863317426,35.02759478173032,0.2318840579710145,0.991974101147211,245.59476282344852,33.3394436207321,34345.708345689025,0.18840579710144928,0.42028985507246375,0.9979572384151966
M15,trend_pullback,fixed_tp,moderate,adaptive_quality,IS,2025-07-23 11:15:00,96007,11110,3954,0.3558955895589559,67,32839.35025974454,490.13955611559015,35.13005484710929,0.22388059701492538,0.9919904212123981,248.38291262860037,33.763316017030775,34339.35025974454,0.16417910447761194,0.40298507462686567,0.9986152911168519
M15,trend_pullback,fixed_tp,moderate,session_plus_adaptive,IS,2025-07-23 11:15:00,96007,11110,3211,0.28901890189018903,63,32840.06864612949,521.2709308909443,36.39593970227558,0.20634920634920634,0.9924758016941141,250.09869272525552,33.71542359136765,34340.06864612949,0.19047619047619047,0.49206349206349204,0.9988637627100021
M15,trend_pullback,fixed_tp,moderate,baseline_all_day,OOS,2025-07-23 11:15:00,24002,3092,3092,1.0,6,-583.6031177509904,-97.26718629183172,0.0,0.0,-23.55089185525973,-23.55089185525973,38.90687451673269,916.3968822490096,0.6666666666666666,1.0,
M15,trend_pullback,fixed_tp,moderate,session_only,OOS,2025-07-23 11:15:00,24002,3092,1841,0.5954075032341527,6,-635.8478398258922,-105.97463997098203,0.0,0.0,-22.68295754114465,-22.68295754114465,42.38985598839281,864.1521601741078,0.6666666666666666,1.0,
M15,trend_pullback,fixed_tp,moderate,volume_only,OOS,2025-07-23 11:15:00,24002,3092,1838,0.5944372574385511,6,-583.6031177509904,-97.26718629183172,0.0,0.0,-23.55089185525973,-23.55089185525973,38.90687451673269,916.3968822490096,0.6666666666666666,1.0,
M15,trend_pullback,fixed_tp,moderate,atr_only,OOS,2025-07-23 11:15:00,24002,3092,2707,0.8754851228978008,6,-583.6031177509904,-97.26718629183172,0.0,0.0,-23.55089185525973,-23.55089185525973,38.90687451673269,916.3968822490096,0.6666666666666666,1.0,
M15,trend_pullback,fixed_tp,moderate,adx_only,OOS,2025-07-23 11:15:00,24002,3092,1900,0.6144890038809832,6,-636.204925702732,-106.03415428378867,0.0,0.0,-22.861381154407685,-22.861381154407685,42.41366171351547,863.795074297268,0.3333333333333333,1.0,
M15,trend_pullback,fixed_tp,moderate,volume_atr,OOS,2025-07-23 11:15:00,24002,3092,1745,0.564359637774903,6,-583.6031177509904,-97.26718629183172,0.0,0.0,-23.55089185525973,-23.55089185525973,38.90687451673269,916.3968822490096,0.6666666666666666,1.0,
M15,trend_pullback,fixed_tp,moderate,adaptive_quality,OOS,2025-07-23 11:15:00,24002,3092,1099,0.3554333764553687,6,-636.204925702732,-106.03415428378867,0.0,0.0,-22.861381154407685,-22.861381154407685,42.41366171351547,863.795074297268,0.3333333333333333,1.0,
M15,trend_pullback,fixed_tp,moderate,session_plus_adaptive,OOS,2025-07-23 11:15:00,24002,3092,754,0.24385510996119017,293,12731.652990853445,43.45274058311756,2.2256290174332047,0.3822525597269625,0.9576669852866334,19.19302672477053,61.67929540996835,14231.652990853445,0.10238907849829351,0.29692832764505117,0.8567433881512634
M15,trend_pullback,fixed_tp,balanced,baseline_all_day,IS,2025-07-23 11:15:00,96007,11110,11110,1.0,90,-532.6892944704377,-5.91876993856042,0.6153447941074487,0.4111111111111111,-2.046216584496111,-5.79687844352227,44.52913323825891,967.3107055295623,0.13333333333333333,0.3111111111111111,0.25827330179988056
M15,trend_pullback,fixed_tp,balanced,session_only,IS,2025-07-23 11:15:00,96007,11110,6736,0.6063006300630063,88,-501.23821777699504,-5.695888838374944,0.6604095746183745,0.3522727272727273,-1.7218540152763855,-5.229503406839499,42.27267290661452,998.761782223005,0.14772727272727273,0.38636363636363635,0.264650296889477
M15,trend_pullback,fixed_tp,balanced,volume_only,IS,2025-07-23 11:15:00,96007,11110,5915,0.5324032403240324,36,-513.9573944761105,-14.27659429100307,0.45987820523552564,0.25,-2.0883759010777583,-6.027631681737999,36.35519312821799,986.0426055238895,0.2222222222222222,0.5555555555555556,0.5090872679470194
M15,trend_pullback,fixed_tp,balanced,atr_only,IS,2025-07-23 11:15:00,96007,11110,7261,0.6535553555355536,61,-535.4379986157346,-8.777672108454666,0.5447635118097304,0.36065573770491804,-2.185449966804687,-8.392678169791331,41.875142881723775,964.5620013842654,0.11475409836065574,0.32786885245901637,0.3077256295718246
M15,trend_pullback,fixed_tp,balanced,adx_only,IS,2025-07-23 11:15:00,96007,11110,3122,0.281008100810081,38,-505.3050885456196,-13.297502330147884,0.4732698839989883,0.21052631578947367,-2.00304699334732,-7.0168858711839945,37.07607382225634,994.6949114543804,0.18421052631578946,0.5,0.5529296943355642
M15,trend_pullback,fixed_tp,balanced,volume_atr,IS,2025-07-23 11:15:00,96007,11110,4824,0.4342034203420342,24,-534.840497130408,-22.285020713767,0.36279799537696805,0.125,-2.1903244674903104,-7.426363041053383,36.72931905994348,965.159502869592,0.25,0.5,0.6636810489414278
M15,trend_pullback,fixed_tp,balanced,adaptive_quality,IS,2025-07-23 11:15:00,96007,11110,1547,0.13924392439243924,30,-519.2767704451808,-17.309225681506025,0.4127589804489066,0.16666666666666666,-2.1963769391307126,-10.290939723330304,38.95747164609746,980.7232295548192,0.2,0.5333333333333333,0.5966527130013018
M15,trend_pullback,fixed_tp,balanced,session_plus_adaptive,IS,2025-07-23 11:15:00,96007,11110,1328,0.11953195319531953,36,-567.8962031310766,-15.774894531418795,0.4396934497763069,0.19444444444444445,-2.2598057378699363,-9.988565921787286,41.98365988029138,932.1037968689234,0.2222222222222222,0.5,0.44129267939010486
M15,trend_pullback,fixed_tp,balanced,baseline_all_day,OOS,2025-07-23 11:15:00,24002,3092,3092,1.0,6,-583.6031177509904,-97.26718629183172,0.0,0.0,-23.55089185525973,-23.55089185525973,38.90687451673269,916.3968822490096,0.6666666666666666,1.0,
M15,trend_pullback,fixed_tp,balanced,session_only,OOS,2025-07-23 11:15:00,24002,3092,1841,0.5954075032341527,6,-635.8478398258922,-105.97463997098203,0.0,0.0,-22.68295754114465,-22.68295754114465,42.38985598839281,864.1521601741078,0.6666666666666666,1.0,
M15,trend_pullback,fixed_tp,balanced,volume_only,OOS,2025-07-23 11:15:00,24002,3092,1701,0.5501293661060802,6,-583.6031177509904,-97.26718629183172,0.0,0.0,-23.55089185525973,-23.55089185525973,38.90687451673269,916.3968822490096,0.6666666666666666,1.0,
M15,trend_pullback,fixed_tp,balanced,atr_only,OOS,2025-07-23 11:15:00,24002,3092,2381,0.7700517464424321,6,-583.6031177509904,-97.26718629183172,0.0,0.0,-23.55089185525973,-23.55089185525973,38.90687451673269,916.3968822490096,0.6666666666666666,1.0,
M15,trend_pullback,fixed_tp,balanced,adx_only,OOS,2025-07-23 11:15:00,24002,3092,828,0.2677878395860285,6,-551.4016161796098,-91.90026936326831,0.0,0.0,-46.22441761860068,-46.22441761860068,36.76010774530732,948.5983838203902,0.3333333333333333,1.0,
M15,trend_pullback,fixed_tp,balanced,volume_atr,OOS,2025-07-23 11:15:00,24002,3092,1520,0.49159120310478654,6,-583.6031177509904,-97.26718629183172,0.0,0.0,-23.55089185525973,-23.55089185525973,38.90687451673269,916.3968822490096,0.6666666666666666,1.0,
M15,trend_pullback,fixed_tp,balanced,adaptive_quality,OOS,2025-07-23 11:15:00,24002,3092,403,0.13033635187580853,6,-552.3467678337329,-92.05779463895549,0.0,0.0,-45.48347172279522,-45.48347172279522,36.8231178555822,947.6532321662671,0.3333333333333333,1.0,
M15,trend_pullback,fixed_tp,balanced,session_plus_adaptive,OOS,2025-07-23 11:15:00,24002,3092,294,0.09508408796895214,6,-521.2853120467298,-86.88088534112164,0.0,0.0,-37.180012757434625,-37.180012757434625,34.75235413644865,978.7146879532702,0.3333333333333333,1.0,
M15,trend_pullback,fixed_tp,strict,baseline_all_day,IS,2025-07-23 11:15:00,96007,11110,11110,1.0,90,-532.6892944704377,-5.91876993856042,0.6153447941074487,0.4111111111111111,-2.046216584496111,-5.79687844352227,44.52913323825891,967.3107055295623,0.13333333333333333,0.3111111111111111,0.25827330179988056
M15,trend_pullback,fixed_tp,strict,session_only,IS,2025-07-23 11:15:00,96007,11110,6736,0.6063006300630063,88,-501.23821777699504,-5.695888838374944,0.6604095746183745,0.3522727272727273,-1.7218540152763855,-5.229503406839499,42.27267290661452,998.761782223005,0.14772727272727273,0.38636363636363635,0.264650296889477
M15,trend_pullback,fixed_tp,strict,volume_only,IS,2025-07-23 11:15:00,96007,11110,4001,0.36012601260126015,41,-575.8852296343002,-14.04598121059269,0.47837148688627784,0.21951219512195122,-2.2071006495647825,-12.11662774382606,45.28914528394903,924.1147703656998,0.3902439024390244,0.5853658536585366,0.37756318741554573
M15,trend_pullback,fixed_tp,strict,atr_only,IS,2025-07-23 11:15:00,96007,11110,5643,0.5079207920792079,56,-520.3637705892606,-9.29221018909394,0.5319438798431175,0.35714285714285715,-2.170637060530095,-8.282332590401655,40.39663787093684,979.6362294107394,0.125,0.3392857142857143,0.258150765504384
M15,trend_pullback,fixed_tp,strict,adx_only,IS,2025-07-23 11:15:00,96007,11110,2125,0.19126912691269127,39,-517.805940283074,-13.277075391873694,0.4431534057168954,0.1794871794871795,-2.155839558294304,-6.492046097135365,35.933549735774655,982.194059716926,0.15384615384615385,0.41025641025641024,0.5654015575424873
M15,trend_pullback,fixed_tp,strict,volume_atr,IS,2025-07-23 11:15:00,96007,11110,2764,0.24878487848784878,35,-526.6685780194666,-15.047673657699047,0.5138852132463139,0.17142857142857143,-1.7562244171556667,-9.379139940403979,41.74741519669702,973.3314219805334,0.34285714285714286,0.6285714285714286,0.5143327380824494
M15,trend_pullback,fixed_tp,strict,adaptive_quality,IS,2025-07-23 11:15:00,96007,11110,611,0.054995499549954995,31,-566.7614117365656,-18.282626185050503,0.4221046030827908,0.16129032258064516,-2.2120999546441964,-9.960824612933477,42.768508171385946,933.2385882634344,0.25806451612903225,0.5806451612903226,0.40665782399970873
M15,trend_pullback,fixed_tp,strict,session_plus_adaptive,IS,2025-07-23 11:15:00,96007,11110,528,0.047524752475247525,26,-575.7454859652898,-22.14405715251115,0.3678153648772768,0.15384615384615385,-2.406134303243025,-11.168947791671757,42.472217768517154,924.2545140347102,0.3076923076923077,0.6153846153846154,0.6368208528145065
M15,trend_pullback,fixed_tp,strict,baseline_all_day,OOS,2025-07-23 11:15:00,24002,3092,3092,1.0,6,-583.6031177509904,-97.26718629183172,0.0,0.0,-23.55089185525973,-23.55089185525973,38.90687451673269,916.3968822490096,0.6666666666666666,1.0,
M15,trend_pullback,fixed_tp,strict,session_only,OOS,2025-07-23 11:15:00,24002,3092,1841,0.5954075032341527,6,-635.8478398258922,-105.97463997098203,0.0,0.0,-22.68295754114465,-22.68295754114465,42.38985598839281,864.1521601741078,0.6666666666666666,1.0,
M15,trend_pullback,fixed_tp,strict,volume_only,OOS,2025-07-23 11:15:00,24002,3092,1197,0.3871280724450194,6,-583.6031177509904,-97.26718629183172,0.0,0.0,-23.55089185525973,-23.55089185525973,38.90687451673269,916.3968822490096,0.6666666666666666,1.0,
M15,trend_pullback,fixed_tp,strict,atr_only,OOS,2025-07-23 11:15:00,24002,3092,1904,0.6157826649417852,205,12733.167523688126,62.11301231067378,3.528849163163922,0.4195121951219512,0.9622323256598584,40.24652511151965,55.672446173233105,14233.167523688126,0.11219512195121951,0.25853658536585367,0.9350527434539112
M15,trend_pullback,fixed_tp,strict,adx_only,OOS,2025-07-23 11:15:00,24002,3092,572,0.18499353169469598,6,-531.7696717505532,-88.62827862509221,0.0,0.0,-48.41027405771971,-48.41027405771971,35.45131145003688,968.2303282494468,0.3333333333333333,1.0,
M15,trend_pullback,fixed_tp,strict,volume_atr,OOS,2025-07-23 11:15:00,24002,3092,923,0.2985122897800776,31,-611.3254409883211,-19.720175515752295,0.5107119324810167,0.3548387096774194,-1.5838260454566557,-3.5282624430862763,40.75502939922141,888.6745590116789,0.12903225806451613,0.3548387096774194,0.3697347694855297
M15,trend_pullback,fixed_tp,strict,adaptive_quality,OOS,2025-07-23 11:15:00,24002,3092,187,0.06047865459249677,10,-594.7555714450482,-59.47555714450482,0.2402319685047501,0.1,-2.2243651646120552,-9.657956939402425,39.65037142966988,905.2444285549518,0.2,0.6,1.0
M15,trend_pullback,fixed_tp,strict,session_plus_adaptive,OOS,2025-07-23 11:15:00,24002,3092,140,0.045278137128072445,12,-625.4542510543342,-52.121187587861186,0.23116656352548345,0.08333333333333333,-2.460574733219699,-14.595630720009424,41.69695007028895,874.5457489456658,0.3333333333333333,0.6666666666666666,1.0
M5,trend_pullback,fixed_tp_plus_mr,loose,baseline_all_day,IS,2025-07-23 07:55:00,287744,34078,34078,1.0,284,-525.226420392155,-1.8493888041977289,0.7828531546258195,0.528169014084507,-1.7641024518701791,-3.2113143354871725,51.297499814581215,974.773579607845,0.09859154929577464,0.24295774647887325,0.20409882430051712
M5,trend_pullback,fixed_tp_plus_mr,loose,session_only,IS,2025-07-23 07:55:00,287744,34078,19770,0.5801396795586595,228,-528.8611874993967,-2.319566611839459,0.7673573411649997,0.5043859649122807,-1.7215048973743354,-3.678920838058855,47.32561835557306,971.1388125006033,0.14035087719298245,0.36403508771929827,0.4301652530060287
M5,trend_pullback,fixed_tp_plus_mr,loose,volume_only,IS,2025-07-23 07:55:00,287744,34078,20881,0.6127413580609191,38,32986.5265041796,868.0664869520948,46.36335537617823,0.3157894736842105,0.997784192116011,421.5026481419106,33.53823305469298,34486.5265041796,0.18421052631578946,0.5263157894736842,0.9988900475714486
M5,trend_pullback,fixed_tp_plus_mr,loose,atr_only,IS,2025-07-23 07:55:00,287744,34078,26344,0.7730500616233347,212,-538.5506908865591,-2.5403334475781087,0.728493856989753,0.5047169811320755,-1.9562205016581526,-3.536812744320014,49.08296200046803,961.4493091134409,0.12264150943396226,0.29245283018867924,0.15983974822831118
M5,trend_pullback,fixed_tp_plus_mr,loose,adx_only,IS,2025-07-23 07:55:00,287744,34078,25902,0.7600798168906626,48,32982.90167557537,687.1437849078202,41.45565432528272,0.3125,0.9949770402235673,356.5703813143503,33.73988829497557,34482.90167557537,0.14583333333333334,0.3958333333333333,0.9987472601501051
M5,trend_pullback,fixed_tp_plus_mr,loose,volume_atr,IS,2025-07-23 07:55:00,287744,34078,19221,0.5640295792006573,104,32961.787978310495,316.9402690222163,35.5630563972412,0.2692307692307692,0.9894628759054006,338.89229586983924,37.20050154632961,34461.787978310495,0.16346153846153846,0.4230769230769231,0.9999549543927136
M5,trend_pullback,fixed_tp_plus_mr,loose,adaptive_quality,IS,2025-07-23 07:55:00,287744,34078,14908,0.4374669874992664,103,32968.517105315266,320.08269034286667,35.81577338546057,0.27184466019417475,0.9897120441126571,339.19755011809764,36.77493163998509,34468.517105315266,0.1650485436893204,0.42718446601941745,0.9999549543927136
M5,trend_pullback,fixed_tp_plus_mr,loose,session_plus_adaptive,IS,2025-07-23 07:55:00,287744,34078,11567,0.3394271964317155,76,32964.78495382378,433.74717044504973,38.02024535260999,0.2631578947368421,0.991272891440115,327.96500966315267,36.64123453509865,34464.78495382378,0.19736842105263158,0.5263157894736842,0.9995784490780691
M5,trend_pullback,fixed_tp_plus_mr,loose,baseline_all_day,OOS,2025-07-23 07:55:00,71937,9266,9266,1.0,4383,31077.866290325088,7.090546723779395,1.3615756611874945,0.5026237736710016,2.209466567368245,21.1559956418433,58.01522333101027,32577.866290325088,0.055213324207164044,0.16290212183436004,0.42384731285236
M5,trend_pullback,fixed_tp_plus_mr,loose,session_only,OOS,2025-07-23 07:55:00,71937,9266,5251,0.5666954457155191,2471,25203.873301810334,10.19986778705396,1.5298647737918547,0.5143666531768515,1.9142815088038316,26.729790972812285,35.5146470254221,26703.873301810334,0.09631728045325778,0.2715499797652772,0.547184282646791
M5,trend_pullback,fixed_tp_plus_mr,loose,volume_only,OOS,2025-07-23 07:55:00,71937,9266,5892,0.6358730843945608,2933,24186.814294783224,8.246441968899838,1.3851840058760494,0.49539720422775313,1.7299044874374294,18.333062012603875,48.854387686284326,25686.814294783224,0.0733037845209683,0.20422775315376748,0.5198851561854246
M5,trend_pullback,fixed_tp_plus_mr,loose,atr_only,OOS,2025-07-23 07:55:00,71937,9266,8088,0.8728685516943665,3854,31482.54732457106,8.1687979565571,1.3998479688314363,0.5090814737934614,2.2408097494546793,22.239072057350263,38.598678027006066,32982.54732457106,0.06123508043591074,0.17929423975090814,0.4172037989075696
M5,trend_pullback,fixed_tp_plus_mr,loose,adx_only,OOS,2025-07-23 07:55:00,71937,9266,6819,0.7359162529678395,3287,29107.759665538142,8.855418212819636,1.4586095097169236,0.5074536051110435,2.0836990189884337,24.125006945793807,61.11296082962502,30607.759665538142,0.05658655308792212,0.16610891390325525,0.4477739856600322
M5,trend_pullback,fixed_tp_plus_mr,loose,volume_atr,OOS,2025-07-23 07:55:00,71937,9266,5619,0.60641053313188,2813,24316.40356218414,8.644295614000761,1.4002242548123696,0.4955563455385709,1.7401151762006284,18.873869625482165,42.914150819992805,25816.40356218414,0.07571987202275152,0.20938499822253823,0.5093080131230648
M5,trend_pullback,fixed_tp_plus_mr,loose,adaptive_quality,OOS,2025-07-23 07:55:00,71937,9266,4186,0.45175911936110513,2120,24232.425821037887,11.430389538225418,1.541592525757039,0.5009433962264151,1.7434183170882798,23.37470744215339,55.24339055810129,25732.425821037887,0.07169811320754717,0.2037735849056604,0.5172974471966135
M5,trend_pullback,fixed_tp_plus_mr,loose,session_plus_adaptive,OOS,2025-07-23 07:55:00,71937,9266,2755,0.2973235484567235,1344,21361.700917177222,15.894122706233052,1.8104268181733443,0.5200892857142857,1.5996508730129475,29.41080097789237,23.07681218893407,22861.700917177222,0.109375,0.30282738095238093,0.6061484578440255
M5,trend_pullback,fixed_tp_plus_mr,moderate,baseline_all_day,IS,2025-07-23 07:55:00,287744,34078,34078,1.0,284,-525.226420392155,-1.8493888041977289,0.7828531546258195,0.528169014084507,-1.7641024518701791,-3.2113143354871725,51.297499814581215,974.773579607845,0.09859154929577464,0.24295774647887325,0.20409882430051712
M5,trend_pullback,fixed_tp_plus_mr,moderate,session_only,IS,2025-07-23 07:55:00,287744,34078,19770,0.5801396795586595,228,-528.8611874993967,-2.319566611839459,0.7673573411649997,0.5043859649122807,-1.7215048973743354,-3.678920838058855,47.32561835557306,971.1388125006033,0.14035087719298245,0.36403508771929827,0.4301652530060287
M5,trend_pullback,fixed_tp_plus_mr,moderate,volume_only,IS,2025-07-23 07:55:00,287744,34078,18923,0.5552849345618874,38,32986.4420151177,868.0642635557289,46.357969039783804,0.3157894736842105,0.9977815688540286,421.6665121352469,33.543865658820025,34486.4420151177,0.18421052631578946,0.5263157894736842,0.9986359783030985
M5,trend_pullback,fixed_tp_plus_mr,moderate,atr_only,IS,2025-07-23 07:55:00,287744,34078,24092,0.7069663712659193,154,-513.6726468225061,-3.335536667678611,0.6923735505895885,0.5324675324675324,-2.0034041554056556,-4.5905223624885565,46.9081740259657,986.3273531774939,0.14935064935064934,0.33116883116883117,0.25431075408947895
M5,trend_pullback,fixed_tp_plus_mr,moderate,adx_only,IS,2025-07-23 07:55:00,287744,34078,22977,0.6742473149832736,48,32982.90167557537,687.1437849078202,41.45565432528272,0.3125,0.9949770402235673,356.5703813143503,33.73988829497557,34482.90167557537,0.14583333333333334,0.3958333333333333,0.9987472601501051
M5,trend_pullback,fixed_tp_plus_mr,moderate,volume_atr,IS,2025-07-23 07:55:00,287744,34078,16850,0.4944538998767533,108,32967.76177040456,305.2570534296719,35.22745631486228,0.26851851851851855,0.9894713666003674,341.0075987282392,36.822701255119036,34467.76177040456,0.2222222222222222,0.4444444444444444,0.9989708342746672
M5,trend_pullback,fixed_tp_plus_mr,moderate,adaptive_quality,IS,2025-07-23 07:55:00,287744,34078,11746,0.3446798521039967,128,32965.2900083588,257.54132819030315,32.06979338124204,0.296875,0.9886958108493272,332.16343544349365,36.979022801966984,34465.2900083588,0.21875,0.453125,0.9990158820468746
M5,trend_pullback,fixed_tp_plus_mr,moderate,session_plus_adaptive,IS,2025-07-23 07:55:00,287744,34078,9369,0.27492810610951346,71,32967.71930881868,464.33407477209414,40.46471643895955,0.2676056338028169,0.9918157001871093,335.40168888218034,36.454567950227926,34467.71930881868,0.28169014084507044,0.6197183098591549,0.9999549678912395
M5,trend_pullback,fixed_tp_plus_mr,moderate,baseline_all_day,OOS,2025-07-23 07:55:00,71937,9266,9266,1.0,4383,31077.866290325088,7.090546723779395,1.3615756611874945,0.5026237736710016,2.209466567368245,21.1559956418433,58.01522333101027,32577.866290325088,0.055213324207164044,0.16290212183436004,0.42384731285236
M5,trend_pullback,fixed_tp_plus_mr,moderate,session_only,OOS,2025-07-23 07:55:00,71937,9266,5251,0.5666954457155191,2471,25203.873301810334,10.19986778705396,1.5298647737918547,0.5143666531768515,1.9142815088038316,26.729790972812285,35.5146470254221,26703.873301810334,0.09631728045325778,0.2715499797652772,0.547184282646791
M5,trend_pullback,fixed_tp_plus_mr,moderate,volume_only,OOS,2025-07-23 07:55:00,71937,9266,5411,0.5839628750269804,2700,22786.69611074074,8.439517078052127,1.3897973254731606,0.49333333333333335,1.6319401695331575,17.56649233473096,47.992162525080815,24286.69611074074,0.07666666666666666,0.2114814814814815,0.5502032365233622
M5,trend_pullback,fixed_tp_plus_mr,moderate,atr_only,OOS,2025-07-23 07:55:00,71937,9266,7411,0.7998057414202461,3579,29747.206714702945,8.311597293853854,1.4016350034404177,0.5079631181894384,2.1203613348211916,21.730302934960726,30.280780105884997,31247.206714702945,0.06398435317127689,0.18552668343112602,0.43787704339931754
M5,trend_pullback,fixed_tp_plus_mr,moderate,adx_only,OOS,2025-07-23 07:55:00,71937,9266,6064,0.6544355709043816,2926,28805.421324932955,9.844641601139083,1.5162082309726037,0.5109364319890636,2.066711889206852,25.28544054689873,55.427809157734686,30305.421324932955,0.05980861244019139,0.17019822282980177,0.46075443172372943
M5,trend_pullback,fixed_tp_plus_mr,moderate,volume_atr,OOS,2025-07-23 07:55:00,71937,9266,4959,0.5351823872221023,2484,21821.61347266368,8.784868547771207,1.3953124146671807,0.4895330112721417,1.564329278767606,17.562650064451955,37.895727780969096,23321.61347266368,0.08252818035426732,0.2214170692431562,0.5513534402906264
M5,trend_pullback,fixed_tp_plus_mr,moderate,adaptive_quality,OOS,2025-07-23 07:55:00,71937,9266,3306,0.3567882581480682,1684,22895.244443235497,13.595750857028206,1.6374183115865466,0.503562945368171,1.6518589423949248,24.24067459573708,43.29668187720365,24395.244443235497,0.07779097387173396,0.21199524940617578,0.5587137916487105
M5,trend_pullback,fixed_tp_plus_mr,moderate,session_plus_adaptive,OOS,2025-07-23 07:55:00,71937,9266,2195,0.2368875458666091,1058,19749.549072979353,18.66687057937557,1.9477562448442691,0.5245746691871456,1.5285627181296406,31.791631927091828,17.155196564604214,21249.549072979353,0.10775047258979206,0.31285444234404536,0.654090269685728
M5,trend_pullback,fixed_tp_plus_mr,balanced,baseline_all_day,IS,2025-07-23 07:55:00,287744,34078,34078,1.0,284,-525.226420392155,-1.8493888041977289,0.7828531546258195,0.528169014084507,-1.7641024518701791,-3.2113143354871725,51.297499814581215,974.773579607845,0.09859154929577464,0.24295774647887325,0.20409882430051712
M5,trend_pullback,fixed_tp_plus_mr,balanced,session_only,IS,2025-07-23 07:55:00,287744,34078,19770,0.5801396795586595,228,-528.8611874993967,-2.319566611839459,0.7673573411649997,0.5043859649122807,-1.7215048973743354,-3.678920838058855,47.32561835557306,971.1388125006033,0.14035087719298245,0.36403508771929827,0.4301652530060287
M5,trend_pullback,fixed_tp_plus_mr,balanced,volume_only,IS,2025-07-23 07:55:00,287744,34078,16964,0.49779916661775925,38,32988.684187380524,868.1232680889611,46.50133714415751,0.3157894736842105,0.9978511870216069,417.5852831184105,33.39438750796519,34488.684187380524,0.18421052631578946,0.5263157894736842,0.9986359783030985
M5,trend_pullback,fixed_tp_plus_mr,balanced,atr_only,IS,2025-07-23 07:55:00,287744,34078,21612,0.6341921474264922,142,-525.1002966140686,-3.697889412775131,0.6737305776573947,0.528169014084507,-2.0865244117835404,-5.067266820536161,47.14564307063906,974.8997033859314,0.1619718309859155,0.352112676056338,0.25880001253156437
M5,trend_pullback,fixed_tp_plus_mr,balanced,adx_only,IS,2025-07-23 07:55:00,287744,34078,7060,0.20717178238159517,58,-521.5837314889359,-8.99282295670579,0.49823553746702764,0.27586206896551724,-2.3756579902730364,-5.560087057703292,34.772248765929056,978.4162685110641,0.22413793103448276,0.43103448275862066,0.2829997721940507
M5,trend_pullback,fixed_tp_plus_mr,balanced,volume_atr,IS,2025-07-23 07:55:00,287744,34078,14387,0.42217853160396734,117,32964.92208927084,281.7514708484687,34.19465996409133,0.26495726495726496,0.9890408357031988,356.6963391972389,37.00229109393046,34464.92208927084,0.23076923076923078,0.4700854700854701,0.9996106736983317
M5,trend_pullback,fixed_tp_plus_mr,balanced,adaptive_quality,IS,2025-07-23 07:55:00,287744,34078,3477,0.10203063560068079,33,-519.2214471118132,-15.73398324581252,0.3208818310459747,0.15151515151515152,-3.076443960679257,-8.11389846956664,34.614763140787545,980.7785528881868,0.3333333333333333,0.5757575757575758,0.48234078980983136
M5,trend_pullback,fixed_tp_plus_mr,balanced,session_plus_adaptive,IS,2025-07-23 07:55:00,287744,34078,2859,0.08389576853101707,35,-541.8706386241001,-15.48201824640286,0.3381079934972018,0.17142857142857143,-3.012304932408711,-7.483693752993233,36.12470924160668,958.1293613758999,0.3142857142857143,0.6571428571428571,0.48234078980983136
M5,trend_pullback,fixed_tp_plus_mr,balanced,baseline_all_day,OOS,2025-07-23 07:55:00,71937,9266,9266,1.0,4383,31077.866290325088,7.090546723779395,1.3615756611874945,0.5026237736710016,2.209466567368245,21.1559956418433,58.01522333101027,32577.866290325088,0.055213324207164044,0.16290212183436004,0.42384731285236
M5,trend_pullback,fixed_tp_plus_mr,balanced,session_only,OOS,2025-07-23 07:55:00,71937,9266,5251,0.5666954457155191,2471,25203.873301810334,10.19986778705396,1.5298647737918547,0.5143666531768515,1.9142815088038316,26.729790972812285,35.5146470254221,26703.873301810334,0.09631728045325778,0.2715499797652772,0.547184282646791
M5,trend_pullback,fixed_tp_plus_mr,balanced,volume_only,OOS,2025-07-23 07:55:00,71937,9266,4918,0.5307576084610404,2459,22209.229240659617,9.031813436624489,1.411026182799342,0.49735664904432697,1.6706006064354326,17.70195533346225,46.208239088044245,23709.229240659617,0.0805205368035787,0.22163481089873932,0.5804147561604973
M5,trend_pullback,fixed_tp_plus_mr,balanced,atr_only,OOS,2025-07-23 07:55:00,71937,9266,6527,0.7044031944744226,3199,30042.090408746808,9.39108796772329,1.4504902444453491,0.5129728040012503,2.1453023908128004,22.725439019252782,28.39872779717571,31542.090408746808,0.07127227258518287,0.1959987496092529,0.4352079441238394
M5,trend_pullback,fixed_tp_plus_mr,balanced,adx_only,OOS,2025-07-23 07:55:00,71937,9266,1843,0.19889920138139436,1051,19761.989038293294,18.803034289527396,1.911770819956929,0.5014272121788773,1.4333481049139583,25.196918035969322,41.02703311269858,21261.989038293294,0.07611798287345385,0.20076117982873454,0.6643717783170363
M5,trend_pullback,fixed_tp_plus_mr,balanced,volume_atr,OOS,2025-07-23 07:55:00,71937,9266,4231,0.4566155838549536,2149,21111.476916233878,9.823860826539729,1.4333586404799612,0.4923220102373197,1.5909192097653282,17.955576386803596,51.99560933943216,22611.476916233878,0.09073987901349465,0.23871568171242438,0.5845262332848096
M5,trend_pullback,fixed_tp_plus_mr,balanced,adaptive_quality,OOS,2025-07-23 07:55:00,71937,9266,858,0.09259658968271099,552,17438.451414072013,31.591397489260892,2.3662200677960685,0.5090579710144928,1.333330297811223,28.168545027552316,27.202248398144008,18938.451414072013,0.08333333333333333,0.23369565217391305,0.7051750341300526
M5,trend_pullback,fixed_tp_plus_mr,balanced,session_plus_adaptive,OOS,2025-07-23 07:55:00,71937,9266,566,0.061083531189294195,350,14383.438331468933,41.09553808991124,2.986170691092112,0.5257142857142857,1.2820315872567878,37.51367403714033,22.629411820430047,15883.438331468933,0.12,0.32857142857142857,0.7882254691211088
M5,trend_pullback,fixed_tp_plus_mr,strict,baseline_all_day,IS,2025-07-23 07:55:00,287744,34078,34078,1.0,284,-525.226420392155,-1.8493888041977289,0.7828531546258195,0.528169014084507,-1.7641024518701791,-3.2113143354871725,51.297499814581215,974.773579607845,0.09859154929577464,0.24295774647887325,0.20409882430051712
M5,trend_pullback,fixed_tp_plus_mr,strict,session_only,IS,2025-07-23 07:55:00,287744,34078,19770,0.5801396795586595,228,-528.8611874993967,-2.319566611839459,0.7673573411649997,0.5043859649122807,-1.7215048973743354,-3.678920838058855,47.32561835557306,971.1388125006033,0.14035087719298245,0.36403508771929827,0.4301652530060287
M5,trend_pullback,fixed_tp_plus_mr,strict,volume_only,IS,2025-07-23 07:55:00,287744,34078,10890,0.3195610071013557,27,-508.2762873109323,-18.825047678182678,0.24135008706987895,0.2222222222222222,-3.7594451458643063,-11.670896995919197,33.88508582072882,991.7237126890677,0.25925925925925924,0.48148148148148145,0.6593877999440767
M5,trend_pullback,fixed_tp_plus_mr,strict,atr_only,IS,2025-07-23 07:55:00,287744,34078,17395,0.5104466224543693,137,-505.32437733026654,-3.688499104600486,0.6707140293526013,0.49635036496350365,-2.0542541037697553,-4.505954558792447,44.52282080220799,994.6756226697335,0.15328467153284672,0.34306569343065696,0.21807911568466326
M5,trend_pullback,fixed_tp_plus_mr,strict,adx_only,IS,2025-07-23 07:55:00,287744,34078,4887,0.14340630318680675,37,-503.0212336499426,-13.595168477025476,0.36618925557497134,0.21621621621621623,-2.844108467283855,-6.879665727231406,33.53474890999617,996.9787663500574,0.16216216216216217,0.3783783783783784,0.359023112899238
M5,trend_pullback,fixed_tp_plus_mr,strict,volume_atr,IS,2025-07-23 07:55:00,287744,34078,7933,0.2327894829508774,139,-559.8180055321245,-4.027467665698738,0.5591113948469102,0.2949640287769784,-2.6977702116429065,-4.99261408870193,38.9845708088189,940.1819944678755,0.11510791366906475,0.30935251798561153,0.4251797611117014
M5,trend_pullback,fixed_tp_plus_mr,strict,adaptive_quality,IS,2025-07-23 07:55:00,287744,34078,1380,0.04049533423322965,53,-525.2160816454625,-9.909737389537028,0.4791900000042467,0.2641509433962264,-2.4727443203360657,-7.4493272741632905,36.68706378111529,974.7839183545375,0.1320754716981132,0.3584905660377358,0.50273609380963
M5,trend_pullback,fixed_tp_plus_mr,strict,session_plus_adaptive,IS,2025-07-23 07:55:00,287744,34078,1161,0.034068900757086684,49,-515.1386832851222,-10.513034352757595,0.5030663788769679,0.2653061224489796,-2.2560441443657906,-8.38626131961375,36.032529306728875,984.8613167148778,0.24489795918367346,0.5102040816326531,1.0
M5,trend_pullback,fixed_tp_plus_mr,strict,baseline_all_day,OOS,2025-07-23 07:55:00,71937,9266,9266,1.0,4383,31077.866290325088,7.090546723779395,1.3615756611874945,0.5026237736710016,2.209466567368245,21.1559956418433,58.01522333101027,32577.866290325088,0.055213324207164044,0.16290212183436004,0.42384731285236
M5,trend_pullback,fixed_tp_plus_mr,strict,session_only,OOS,2025-07-23 07:55:00,71937,9266,5251,0.5666954457155191,2471,25203.873301810334,10.19986778705396,1.5298647737918547,0.5143666531768515,1.9142815088038316,26.729790972812285,35.5146470254221,26703.873301810334,0.09631728045325778,0.2715499797652772,0.547184282646791
M5,trend_pullback,fixed_tp_plus_mr,strict,volume_only,OOS,2025-07-23 07:55:00,71937,9266,3441,0.37135765162961365,178,-582.1631134321797,-3.2705792889448295,0.8481138380768721,0.5337078651685393,-0.9071526299783039,-1.9433887727524433,63.166868600364644,917.8368865678203,0.16853932584269662,0.34269662921348315,0.23985613736512904
M5,trend_pullback,fixed_tp_plus_mr,strict,atr_only,OOS,2025-07-23 07:55:00,71937,9266,5256,0.5672350528815022,2580,26440.19600629381,10.248137986935586,1.49422369070451,0.5166666666666667,1.8986865569439364,22.945752757802406,23.077283556386618,27940.19600629381,0.07519379844961241,0.20852713178294574,0.4885020162666595
M5,trend_pullback,fixed_tp_plus_mr,strict,adx_only,OOS,2025-07-23 07:55:00,71937,9266,1284,0.13857112022447657,739,19506.26681620586,26.395489602443657,2.3578665526934572,0.5223274695534507,1.418919680335219,31.5231508453312,30.102191007212497,21006.26681620586,0.07577807848443843,0.20162381596752368,0.6908217575842165
M5,trend_pullback,fixed_tp_plus_mr,strict,volume_atr,OOS,2025-07-23 07:55:00,71937,9266,2562,0.27649471184977337,135,-565.1401428288955,-4.18622328021404,0.8222833929713594,0.4962962962962963,-0.9599220559787994,-2.312928477290259,58.44549471607721,934.8598571711045,0.18518518518518517,0.37037037037037035,0.3010606043732875
M5,trend_pullback,fixed_tp_plus_mr,strict,adaptive_quality,OOS,2025-07-23 07:55:00,71937,9266,351,0.03788042305201813,62,12726.97666258061,205.27381713839694,9.280875155424958,0.3548387096774194,0.9680287520984043,97.4689110872263,44.94646265046398,14226.97666258061,0.16129032258064516,0.41935483870967744,0.9715643309704105
M5,trend_pullback,fixed_tp_plus_mr,strict,session_plus_adaptive,OOS,2025-07-23 07:55:00,71937,9266,247,0.026656593999568313,165,13441.626790913288,81.46440479341386,4.062250660373168,0.43636363636363634,1.0165745184600554,47.175508643523884,43.28685029127496,14941.626790913288,0.14545454545454545,0.37575757575757573,0.9233819923994394
