timeframe,strategy_name,exit_model,trade_count,base_ppt_usd,base_max_dd_pct,engine_max_dd_pct,lot_for_target,dd_at_target_pct,meets_target_within_dd,max_lot_within_dd,max_ppt_usd_within_dd,profit_factor,win_rate,robust_score,parameter_set
M15,trend_pullback,fixed_tp,2796,0.15550029331114223,15.636508609798994,15.636508609798977,0.0965,19.002589004382347,True,2.1239,16.51340617229564,1.5377435848394232,0.6097997138769671,16.549837978747973,"{""adx_threshold"": 15.0, ""atr_stop"": 2.5, ""atr_target"": 2.0, ""confirmation_bars"": 1, ""leg_a_atr_target"": 1.0, ""pullback_rsi"": 25, ""session_filter"": ""NY""}"
M15,trend_pullback,fixed_tp,2729,0.15372035810364124,16.88870697028462,16.888706970284648,0.0976,20.80761501280481,True,0.3425,2.632697048751278,1.5362300735433143,0.6075485525833638,16.537581453946054,"{""adx_threshold"": 15.0, ""atr_stop"": 2.5, ""atr_target"": 2.0, ""confirmation_bars"": 2, ""leg_a_atr_target"": 1.0, ""pullback_rsi"": 25, ""session_filter"": ""NY""}"
M15,trend_pullback,fixed_tp,2717,0.1776025230548101,20.288854208078046,20.28885420807801,0.0845,23.31036155169795,True,0.1581,1.4039870776251027,1.5725062793249995,0.631947000368053,18.396948459917176,"{""adx_threshold"": 15.0, ""atr_stop"": 3.0, ""atr_target"": 2.0, ""confirmation_bars"": 1, ""leg_a_atr_target"": 1.0, ""pullback_rsi"": 25, ""session_filter"": ""NY""}"
M15,trend_pullback,fixed_tp_plus_mr,2726,0.16648663434223981,18.025020486556546,18.025020486556574,0.0901,23.356237728362775,True,0.1395,1.1614277114035993,1.5885381685518458,0.6382978723404256,17.093103483489575,"{""adx_threshold"": 15.0, ""atr_stop"": 3.0, ""atr_target"": 2.0, ""confirmation_bars"": 1, ""leg_a_atr_target"": 1.0, ""pullback_rsi"": 25, ""session_filter"": ""NY""}"
M15,trend_pullback,fixed_tp,2655,0.179590621302426,21.022105682855884,21.02210568285591,0.0835,24.328862314667816,True,0.114,1.0234774674413585,1.5803378011906157,0.6312617702448211,18.48333961411059,"{""adx_threshold"": 15.0, ""atr_stop"": 3.0, ""atr_target"": 2.0, ""confirmation_bars"": 2, ""leg_a_atr_target"": 1.0, ""pullback_rsi"": 25, ""session_filter"": ""NY""}"
M15,trend_pullback,fixed_tp,2331,0.18622558581539045,21.563775843556346,21.563775843556353,0.0805,27.23354312883586,True,0.0938,0.8733704163111785,1.4302815325945566,0.5898755898755899,17.247637293717283,"{""adx_threshold"": 15.0, ""atr_stop"": 3.0, ""atr_target"": 2.0, ""confirmation_bars"": 1, ""leg_a_atr_target"": 1.5, ""pullback_rsi"": 25, ""session_filter"": ""NY""}"
M15,trend_pullback,fixed_tp_plus_mr,2663,0.1627246112255173,18.943220239903916,18.94322023990391,0.0922,27.52811362384888,True,0.104,0.8461188847632236,1.5773786323562624,0.6361246714232069,16.95373871937272,"{""adx_threshold"": 15.0, ""atr_stop"": 3.0, ""atr_target"": 2.0, ""confirmation_bars"": 2, ""leg_a_atr_target"": 1.0, ""pullback_rsi"": 25, ""session_filter"": ""NY""}"
M15,trend_pullback,fixed_tp,2272,0.19096591153132597,22.421390432808295,22.421390432808277,0.0785,31.131838799497185,False,0.0749,0.7149713319724665,1.4436665095265793,0.5915492957746479,17.51067635300336,"{""adx_threshold"": 15.0, ""atr_stop"": 3.0, ""atr_target"": 2.0, ""confirmation_bars"": 2, ""leg_a_atr_target"": 1.5, ""pullback_rsi"": 25, ""session_filter"": ""NY""}"
M15,trend_pullback,fixed_tp,2504,0.16013536528119143,13.393421168022071,13.393421168022094,0.0937,33.75254448128862,False,0.0787,0.6304224109442703,1.5429431399193623,0.6110223642172524,17.35003548710742,"{""adx_threshold"": 18.0, ""atr_stop"": 2.5, ""atr_target"": 2.0, ""confirmation_bars"": 1, ""leg_a_atr_target"": 1.0, ""pullback_rsi"": 25, ""session_filter"": ""NY""}"
M15,trend_pullback,fixed_tp,2324,0.14232033766884178,17.969861972322246,17.969861972322278,0.1054,36.28401460027423,False,0.0791,0.5628681745744857,1.4792077704231106,0.6037005163511188,16.529261397367467,"{""adx_threshold"": 18.0, ""atr_stop"": 2.5, ""atr_target"": 2.0, ""confirmation_bars"": 2, ""leg_a_atr_target"": 1.0, ""pullback_rsi"": 25, ""session_filter"": ""NY""}"
M15,trend_pullback,fixed_tp_plus_mr,2505,0.14978877529342663,15.673024932804106,15.673024932804106,0.1001,37.28098971440805,False,0.0738,0.553010470793806,1.5403772759412078,0.6167664670658682,15.648296263062264,"{""adx_threshold"": 18.0, ""atr_stop"": 2.5, ""atr_target"": 2.0, ""confirmation_bars"": 1, ""leg_a_atr_target"": 1.0, ""pullback_rsi"": 25, ""session_filter"": ""NY""}"
M15,trend_pullback,fixed_tp,2184,0.13142013898049945,20.233914578568328,20.233914578568314,0.1141,38.12367285403015,False,0.0791,0.5197585597527268,1.445016903341703,0.6048534798534798,15.966961540519101,"{""adx_threshold"": 20.0, ""atr_stop"": 2.5, ""atr_target"": 2.0, ""confirmation_bars"": 1, ""leg_a_atr_target"": 1.0, ""pullback_rsi"": 25, ""session_filter"": ""NY""}"
M15,trend_pullback,fixed_tp,2445,0.180925869475865,16.544878060677153,16.544878060677153,0.0829,41.44993056548843,False,0.0539,0.4875461161413782,1.5701193932750315,0.6331288343558282,18.72963911118923,"{""adx_threshold"": 18.0, ""atr_stop"": 3.0, ""atr_target"": 2.0, ""confirmation_bars"": 1, ""leg_a_atr_target"": 1.0, ""pullback_rsi"": 25, ""session_filter"": ""NY""}"
M15,trend_pullback,fixed_tp_plus_mr,2448,0.1698268342212074,16.61826762048988,16.61826762048983,0.0883,45.70055614988826,False,0.0516,0.4377626436381082,1.5789825993469895,0.6348039215686274,16.905547283226895,"{""adx_threshold"": 18.0, ""atr_stop"": 3.0, ""atr_target"": 2.0, ""confirmation_bars"": 1, ""leg_a_atr_target"": 1.0, ""pullback_rsi"": 25, ""session_filter"": ""NY""}"
M15,trend_pullback,fixed_tp,2087,0.19914552299488142,21.357648228301873,21.35764822830186,0.0753,49.0383834334595,False,0.0415,0.41292325776434985,1.4603295567302468,0.6003833253473886,18.219586826282566,"{""adx_threshold"": 18.0, ""atr_stop"": 3.0, ""atr_target"": 2.0, ""confirmation_bars"": 1, ""leg_a_atr_target"": 1.5, ""pullback_rsi"": 25, ""session_filter"": ""NY""}"
M15,trend_pullback,fixed_tp_plus_mr,2089,0.1826063346962014,20.416011145173666,20.232725790913296,0.0821,55.34127622138578,False,0.0401,0.3658492400611339,1.4583356522916153,0.6036381043561513,15.603962627657184,"{""adx_threshold"": 18.0, ""atr_stop"": 3.0, ""atr_target"": 2.0, ""confirmation_bars"": 1, ""leg_a_atr_target"": 1.5, ""pullback_rsi"": 25, ""session_filter"": ""NY""}"
M15,trend_pullback,fixed_tp,2014,0.13180329341142433,23.756399216077646,23.756399216077646,0.1138,52.72468622468844,False,0.0554,0.36534097169197005,1.4493695325348248,0.6032770605759682,16.08337670845853,"{""adx_threshold"": 20.0, ""atr_stop"": 2.5, ""atr_target"": 2.0, ""confirmation_bars"": 2, ""leg_a_atr_target"": 1.0, ""pullback_rsi"": 25, ""session_filter"": ""NY""}"
M15,trend_pullback,fixed_tp,2255,0.1634442428725751,20.88365105300364,20.88365105300357,0.0918,58.73878573285584,False,0.0409,0.3339324726319034,1.5103752212160446,0.6261640798226165,17.965039010783713,"{""adx_threshold"": 18.0, ""atr_stop"": 3.0, ""atr_target"": 2.0, ""confirmation_bars"": 2, ""leg_a_atr_target"": 1.0, ""pullback_rsi"": 25, ""session_filter"": ""NY""}"
M15,trend_pullback,fixed_tp,3560,0.15510871313300614,25.251895180310076,25.251895180310076,0.0967,33.10176879454544,False,0.0425,0.32958069086422576,1.5136818282967117,0.6,16.305506876008728,"{""adx_threshold"": 18.0, ""atr_stop"": 2.5, ""atr_target"": 2.0, ""confirmation_bars"": 1, ""leg_a_atr_target"": 1.0, ""pullback_rsi"": 30, ""session_filter"": ""NY""}"
M15,trend_pullback,fixed_tp_plus_mr,2258,0.1511090313968501,20.935286203881105,20.935286203881088,0.0993,66.55692065321584,False,0.0395,0.2984570143326479,1.513998034433418,0.6279893711248893,16.093895231654383,"{""adx_threshold"": 18.0, ""atr_stop"": 3.0, ""atr_target"": 2.0, ""confirmation_bars"": 2, ""leg_a_atr_target"": 1.0, ""pullback_rsi"": 25, ""session_filter"": ""NY""}"
M15,trend_pullback,fixed_tp,2121,0.14419969773313432,20.6393487765604,20.63934877656038,0.104,64.58554692442952,False,0.0409,0.29461399661742615,1.4558883868448151,0.6237623762376238,17.0899058515298,"{""adx_threshold"": 20.0, ""atr_stop"": 3.0, ""atr_target"": 2.0, ""confirmation_bars"": 1, ""leg_a_atr_target"": 1.0, ""pullback_rsi"": 25, ""session_filter"": ""NY""}"
M15,trend_pullback,fixed_tp,1954,0.138592501493842,24.28474730657035,24.28474730657033,0.1082,65.9323134118973,False,0.0412,0.2855904386604787,1.4350197654629633,0.6197543500511771,16.881106875471733,"{""adx_threshold"": 20.0, ""atr_stop"": 3.0, ""atr_target"": 2.0, ""confirmation_bars"": 2, ""leg_a_atr_target"": 1.0, ""pullback_rsi"": 25, ""session_filter"": ""NY""}"
M15,trend_pullback,fixed_tp,1914,0.1783062574732117,25.27766563067984,25.277665630679863,0.0841,74.09170437661045,False,0.0277,0.2466750829340482,1.301379005883903,0.5506792058516197,15.812723206444344,"{""adx_threshold"": 18.0, ""atr_stop"": 3.0, ""atr_target"": 2.0, ""confirmation_bars"": 1, ""leg_a_atr_target"": 2.0, ""pullback_rsi"": 25, ""session_filter"": ""NY""}"
M15,trend_pullback,fixed_tp,1928,0.17643996575018644,29.152550154511047,29.152550154511026,0.085,83.5393383010822,False,0.0266,0.23494918255729696,1.4040040684354722,0.5902489626556017,17.179677235599506,"{""adx_threshold"": 18.0, ""atr_stop"": 3.0, ""atr_target"": 2.0, ""confirmation_bars"": 2, ""leg_a_atr_target"": 1.5, ""pullback_rsi"": 25, ""session_filter"": ""NY""}"
M15,trend_pullback,fixed_tp,2593,0.1527058149649957,23.16646469204202,23.16646469204202,0.0982,98.76795415920951,False,0.0298,0.22780668275998722,1.5541162677246672,0.5699961434631701,15.536676248073144,"{""adx_threshold"": 18.0, ""atr_stop"": 2.0, ""atr_target"": 2.0, ""confirmation_bars"": 1, ""leg_a_atr_target"": 1.0, ""pullback_rsi"": 25, ""session_filter"": ""NY""}"
M15,trend_pullback,fixed_tp,3361,0.14413756376541614,27.125745149800295,27.125745149800245,0.1041,36.62865334644973,False,0.0285,0.20541756730123514,1.4723782082500032,0.5968461767331151,15.794158940693423,"{""adx_threshold"": 18.0, ""atr_stop"": 2.5, ""atr_target"": 2.0, ""confirmation_bars"": 2, ""leg_a_atr_target"": 1.0, ""pullback_rsi"": 30, ""session_filter"": ""NY""}"
M15,trend_pullback,fixed_tp,3092,0.14636568826686222,34.04810770995774,34.04810770995772,0.1025,47.54792438543847,False,0.0145,0.10586923918857945,1.472879047375845,0.5976714100905562,15.837949167343666,"{""adx_threshold"": 20.0, ""atr_stop"": 2.5, ""atr_target"": 2.0, ""confirmation_bars"": 1, ""leg_a_atr_target"": 1.0, ""pullback_rsi"": 30, ""session_filter"": ""NY""}"
M15,trend_pullback,fixed_tp,3473,0.15214285430347183,34.382824597980694,34.382824597980694,0.0986,45.72869034157707,False,0.0136,0.10354255093184946,1.4742634139854225,0.6199251367693637,16.25895375182003,"{""adx_threshold"": 18.0, ""atr_stop"": 3.0, ""atr_target"": 2.0, ""confirmation_bars"": 1, ""leg_a_atr_target"": 1.0, ""pullback_rsi"": 30, ""session_filter"": ""NY""}"
M15,trend_pullback,fixed_tp,2900,0.1562400369201478,36.05450145366342,36.05450145366342,0.096,51.19436567804888,False,0.013,0.10143710352508466,1.5049110426008219,0.5979310344827586,16.304023227605754,"{""adx_threshold"": 20.0, ""atr_stop"": 2.5, ""atr_target"": 2.0, ""confirmation_bars"": 2, ""leg_a_atr_target"": 1.0, ""pullback_rsi"": 30, ""session_filter"": ""NY""}"
M15,trend_pullback,fixed_tp,2930,0.17283236379054262,37.33433155902494,37.33433155902494,0.0868,56.801117783118684,False,0.0116,0.09984392527466161,1.4008133344175968,0.5887372013651877,15.986769130362305,"{""adx_threshold"": 18.0, ""atr_stop"": 3.0, ""atr_target"": 2.0, ""confirmation_bars"": 1, ""leg_a_atr_target"": 1.5, ""pullback_rsi"": 30, ""session_filter"": ""NY""}"
M15,trend_pullback,fixed_tp,3265,0.14209760332822005,39.2853217256652,39.28532172566518,0.1056,55.19563878075866,False,0.0107,0.07597540799587736,1.4381402610055718,0.6165390505359878,15.796105305199365,"{""adx_threshold"": 18.0, ""atr_stop"": 3.0, ""atr_target"": 2.0, ""confirmation_bars"": 2, ""leg_a_atr_target"": 1.0, ""pullback_rsi"": 30, ""session_filter"": ""NY""}"
M15,trend_pullback,fixed_tp,2827,0.15059930152061488,45.622858675552145,45.622858675552145,0.0996,64.95210486943056,False,0.0083,0.0627880187094495,1.460141435470912,0.6165546515741068,16.18320955537799,"{""adx_threshold"": 20.0, ""atr_stop"": 3.0, ""atr_target"": 2.0, ""confirmation_bars"": 2, ""leg_a_atr_target"": 1.0, ""pullback_rsi"": 30, ""session_filter"": ""NY""}"
M15,trend_pullback,fixed_tp,3005,0.14435575156255046,44.18363223876886,44.18363223876884,0.1039,62.33638985512992,False,0.0087,0.06246308527815004,1.4437606403830328,0.6189683860232945,15.891188968018334,"{""adx_threshold"": 20.0, ""atr_stop"": 3.0, ""atr_target"": 2.0, ""confirmation_bars"": 1, ""leg_a_atr_target"": 1.0, ""pullback_rsi"": 30, ""session_filter"": ""NY""}"
M15,trend_pullback,partial_tp_mr_time_stop,921,0.2315953418712224,115.86802307367519,115.86802307367519,0.0648,266.7380149323255,False,0.0044,0.051490351550847455,3.368065653302907,0.4017372421281216,12.636878086333649,"{""adx_threshold"": 25.0, ""atr_stop"": 3.0, ""atr_target"": 3.0, ""confirmation_bars"": 2, ""leg_a_atr_target"": 1.0, ""pullback_rsi"": 40.0, ""session_filter"": ""London"", ""time_stop_minutes"": 120, ""trail_mult"": 2.0}"
M15,trend_pullback,partial_tp_mr_time_stop,921,0.2315953418712224,115.86802307367519,115.86802307367519,0.0648,266.7380149323255,False,0.0044,0.051490351550847455,3.368065653302907,0.4017372421281216,12.636878086333649,"{""adx_threshold"": 25.0, ""atr_stop"": 3.0, ""atr_target"": 3.0, ""confirmation_bars"": 2, ""leg_a_atr_target"": 1.0, ""pullback_rsi"": 40.0, ""session_filter"": ""London"", ""time_stop_minutes"": 180, ""trail_mult"": 2.0}"
M15,trend_pullback,partial_tp_mr_time_stop,921,0.2315953418712224,115.86802307367519,115.86802307367519,0.0648,266.7380149323255,False,0.0044,0.051490351550847455,3.368065653302907,0.4017372421281216,12.636878086333649,"{""adx_threshold"": 25.0, ""atr_stop"": 3.0, ""atr_target"": 3.0, ""confirmation_bars"": 2, ""leg_a_atr_target"": 1.0, ""pullback_rsi"": 40.0, ""session_filter"": ""London"", ""time_stop_minutes"": 240, ""trail_mult"": 2.0}"
M15,trend_pullback,partial_tp_mr_time_stop,921,0.2315953418712224,115.86802307367519,115.86802307367519,0.0648,266.7380149323255,False,0.0044,0.051490351550847455,3.368065653302907,0.4017372421281216,12.636878086333649,"{""adx_threshold"": 25.0, ""atr_stop"": 3.0, ""atr_target"": 2.5, ""confirmation_bars"": 2, ""leg_a_atr_target"": 1.0, ""pullback_rsi"": 40.0, ""session_filter"": ""London"", ""time_stop_minutes"": 240, ""trail_mult"": 2.0}"
M15,trend_pullback,partial_tp_mr_time_stop,921,0.2315953418712224,115.86802307367519,115.86802307367519,0.0648,266.7380149323255,False,0.0044,0.051490351550847455,3.368065653302907,0.4017372421281216,12.636878086333649,"{""adx_threshold"": 25.0, ""atr_stop"": 3.0, ""atr_target"": 2.5, ""confirmation_bars"": 2, ""leg_a_atr_target"": 1.0, ""pullback_rsi"": 40.0, ""session_filter"": ""London"", ""time_stop_minutes"": 180, ""trail_mult"": 2.0}"
M15,trend_pullback,partial_tp_mr_time_stop,921,0.2315953418712224,115.86802307367519,115.86802307367519,0.0648,266.7380149323255,False,0.0044,0.051490351550847455,3.368065653302907,0.4017372421281216,12.636878086333649,"{""adx_threshold"": 25.0, ""atr_stop"": 3.0, ""atr_target"": 2.5, ""confirmation_bars"": 2, ""leg_a_atr_target"": 1.0, ""pullback_rsi"": 40.0, ""session_filter"": ""London"", ""time_stop_minutes"": 120, ""trail_mult"": 2.0}"
M15,trend_pullback,partial_tp_mr_time_stop,921,0.2315953418712224,115.86802307367519,115.86802307367519,0.0648,266.7380149323255,False,0.0044,0.051490351550847455,3.368065653302907,0.4017372421281216,12.636878086333649,"{""adx_threshold"": 25.0, ""atr_stop"": 3.0, ""atr_target"": 2.0, ""confirmation_bars"": 2, ""leg_a_atr_target"": 1.0, ""pullback_rsi"": 40.0, ""session_filter"": ""London"", ""time_stop_minutes"": 180, ""trail_mult"": 2.0}"
M15,trend_pullback,partial_tp_mr_time_stop,921,0.2315953418712224,115.86802307367519,115.86802307367519,0.0648,266.7380149323255,False,0.0044,0.051490351550847455,3.368065653302907,0.4017372421281216,12.636878086333649,"{""adx_threshold"": 25.0, ""atr_stop"": 3.0, ""atr_target"": 2.0, ""confirmation_bars"": 2, ""leg_a_atr_target"": 1.0, ""pullback_rsi"": 40.0, ""session_filter"": ""London"", ""time_stop_minutes"": 120, ""trail_mult"": 2.0}"
M15,trend_pullback,partial_tp_mr_time_stop,921,0.2315953418712224,115.86802307367519,115.86802307367519,0.0648,266.7380149323255,False,0.0044,0.051490351550847455,3.368065653302907,0.4017372421281216,12.636878086333649,"{""adx_threshold"": 25.0, ""atr_stop"": 3.0, ""atr_target"": 2.0, ""confirmation_bars"": 2, ""leg_a_atr_target"": 1.0, ""pullback_rsi"": 40.0, ""session_filter"": ""London"", ""time_stop_minutes"": 240, ""trail_mult"": 2.0}"
M15,trend_pullback,fixed_tp,2379,0.16955320124430479,58.94424935059668,58.94424935059668,0.0885,84.0579967154341,False,0.0057,0.04845415426839165,1.3835139227051678,0.5813366960907944,15.787868343730336,"{""adx_threshold"": 20.0, ""atr_stop"": 3.0, ""atr_target"": 2.0, ""confirmation_bars"": 2, ""leg_a_atr_target"": 1.5, ""pullback_rsi"": 30, ""session_filter"": ""NY""}"
M15,trend_pullback,partial_tp_mr_time_stop,866,0.23675345972332892,97.97265813176303,97.97265813176303,0.0634,186.16781506852107,False,0.0041,0.04812535490784809,2.795525869088278,0.40877598152424943,11.740641138919376,"{""adx_threshold"": 25.0, ""atr_stop"": 2.5, ""atr_target"": 2.0, ""confirmation_bars"": 2, ""leg_a_atr_target"": 1.5, ""pullback_rsi"": 35.0, ""session_filter"": ""London"", ""time_stop_minutes"": 180, ""trail_mult"": 2.0}"
M15,trend_pullback,partial_tp_mr_time_stop,866,0.23675345972332892,97.97265813176303,97.97265813176303,0.0634,186.16781506852107,False,0.0041,0.04812535490784809,2.795525869088278,0.40877598152424943,11.740641138919376,"{""adx_threshold"": 25.0, ""atr_stop"": 2.5, ""atr_target"": 3.0, ""confirmation_bars"": 2, ""leg_a_atr_target"": 1.5, ""pullback_rsi"": 35.0, ""session_filter"": ""London"", ""time_stop_minutes"": 180, ""trail_mult"": 2.0}"
M15,trend_pullback,partial_tp_mr_time_stop,866,0.23675345972332892,97.97265813176303,97.97265813176303,0.0634,186.16781506852107,False,0.0041,0.04812535490784809,2.795525869088278,0.40877598152424943,11.740641138919376,"{""adx_threshold"": 25.0, ""atr_stop"": 2.5, ""atr_target"": 2.5, ""confirmation_bars"": 2, ""leg_a_atr_target"": 1.5, ""pullback_rsi"": 35.0, ""session_filter"": ""London"", ""time_stop_minutes"": 240, ""trail_mult"": 2.0}"
M15,trend_pullback,partial_tp_mr_time_stop,866,0.23675345972332892,97.97265813176303,97.97265813176303,0.0634,186.16781506852107,False,0.0041,0.04812535490784809,2.795525869088278,0.40877598152424943,11.740641138919376,"{""adx_threshold"": 25.0, ""atr_stop"": 2.5, ""atr_target"": 3.0, ""confirmation_bars"": 2, ""leg_a_atr_target"": 1.5, ""pullback_rsi"": 35.0, ""session_filter"": ""London"", ""time_stop_minutes"": 240, ""trail_mult"": 2.0}"
M15,trend_pullback,partial_tp_mr_time_stop,866,0.23675345972332892,97.97265813176303,97.97265813176303,0.0634,186.16781506852107,False,0.0041,0.04812535490784809,2.795525869088278,0.40877598152424943,11.740641138919376,"{""adx_threshold"": 25.0, ""atr_stop"": 2.5, ""atr_target"": 2.0, ""confirmation_bars"": 2, ""leg_a_atr_target"": 1.5, ""pullback_rsi"": 35.0, ""session_filter"": ""London"", ""time_stop_minutes"": 120, ""trail_mult"": 2.0}"
M15,trend_pullback,partial_tp_mr_time_stop,866,0.23675345972332892,97.97265813176303,97.97265813176303,0.0634,186.16781506852107,False,0.0041,0.04812535490784809,2.795525869088278,0.40877598152424943,11.740641138919376,"{""adx_threshold"": 25.0, ""atr_stop"": 2.5, ""atr_target"": 3.0, ""confirmation_bars"": 2, ""leg_a_atr_target"": 1.5, ""pullback_rsi"": 35.0, ""session_filter"": ""London"", ""time_stop_minutes"": 120, ""trail_mult"": 2.0}"
M15,trend_pullback,partial_tp_mr_time_stop,866,0.23675345972332892,97.97265813176303,97.97265813176303,0.0634,186.16781506852107,False,0.0041,0.04812535490784809,2.795525869088278,0.40877598152424943,11.740641138919376,"{""adx_threshold"": 25.0, ""atr_stop"": 2.5, ""atr_target"": 2.5, ""confirmation_bars"": 2, ""leg_a_atr_target"": 1.5, ""pullback_rsi"": 35.0, ""session_filter"": ""London"", ""time_stop_minutes"": 180, ""trail_mult"": 2.0}"
M15,trend_pullback,partial_tp_mr_time_stop,866,0.23675345972332892,97.97265813176303,97.97265813176303,0.0634,186.16781506852107,False,0.0041,0.04812535490784809,2.795525869088278,0.40877598152424943,11.740641138919376,"{""adx_threshold"": 25.0, ""atr_stop"": 2.5, ""atr_target"": 2.5, ""confirmation_bars"": 2, ""leg_a_atr_target"": 1.5, ""pullback_rsi"": 35.0, ""session_filter"": ""London"", ""time_stop_minutes"": 120, ""trail_mult"": 2.0}"
M15,trend_pullback,partial_tp_mr_time_stop,866,0.23675345972332892,97.97265813176303,97.97265813176303,0.0634,186.16781506852107,False,0.0041,0.04812535490784809,2.795525869088278,0.40877598152424943,11.740641138919376,"{""adx_threshold"": 25.0, ""atr_stop"": 2.5, ""atr_target"": 2.0, ""confirmation_bars"": 2, ""leg_a_atr_target"": 1.5, ""pullback_rsi"": 35.0, ""session_filter"": ""London"", ""time_stop_minutes"": 240, ""trail_mult"": 2.0}"
M15,trend_pullback,fixed_tp,1804,0.15103559500748,37.10207028267871,37.10207028267872,0.0993,94.63169128863859,False,0.006,0.04516875963145486,1.3457123604954933,0.585920177383592,15.943829303870505,"{""adx_threshold"": 20.0, ""atr_stop"": 3.0, ""atr_target"": 2.0, ""confirmation_bars"": 1, ""leg_a_atr_target"": 1.5, ""pullback_rsi"": 25, ""session_filter"": ""NY""}"
M15,trend_pullback,mr_exit,1960,0.23052934630639133,62.21175924075774,61.86244147642353,0.0651,72.44618901947322,False,0.0032,0.036800196240470234,1.281373286540843,0.33163265306122447,18.89280419512267,"{""adx_threshold"": 25.0, ""atr_stop"": 3.0, ""atr_target"": 2.0, ""confirmation_bars"": 1, ""pullback_rsi"": 45.0, ""session_filter"": ""NY""}"
M15,trend_pullback,mr_exit,1960,0.23052934630639133,62.21175924075774,61.86244147642353,0.0651,72.44618901947322,False,0.0032,0.036800196240470234,1.281373286540843,0.33163265306122447,18.89280419512267,"{""adx_threshold"": 25.0, ""atr_stop"": 3.0, ""atr_target"": 3.0, ""confirmation_bars"": 1, ""pullback_rsi"": 45.0, ""session_filter"": ""NY""}"
M15,trend_pullback,mr_exit,1960,0.23052934630639133,62.21175924075774,61.86244147642353,0.0651,72.44618901947322,False,0.0032,0.036800196240470234,1.281373286540843,0.33163265306122447,18.89280419512267,"{""adx_threshold"": 25.0, ""atr_stop"": 3.0, ""atr_target"": 2.5, ""confirmation_bars"": 1, ""pullback_rsi"": 45.0, ""session_filter"": ""NY""}"
M15,trend_pullback,mr_exit,3430,0.17785469367166354,53.589246783800114,53.208200177251896,0.0843,65.82189085971169,False,0.0036,0.03173272913507978,1.2484707866009328,0.356268221574344,16.469142085372255,"{""adx_threshold"": 15.0, ""atr_stop"": 3.0, ""atr_target"": 2.5, ""confirmation_bars"": 1, ""pullback_rsi"": 45.0, ""session_filter"": ""NY""}"
M15,trend_pullback,mr_exit,3430,0.17785469367166354,53.589246783800114,53.208200177251896,0.0843,65.82189085971169,False,0.0036,0.03173272913507978,1.2484707866009328,0.356268221574344,16.469142085372255,"{""adx_threshold"": 15.0, ""atr_stop"": 3.0, ""atr_target"": 3.0, ""confirmation_bars"": 1, ""pullback_rsi"": 45.0, ""session_filter"": ""NY""}"
M15,trend_pullback,mr_exit,3430,0.17785469367166354,53.589246783800114,53.208200177251896,0.0843,65.82189085971169,False,0.0036,0.03173272913507978,1.2484707866009328,0.356268221574344,16.469142085372255,"{""adx_threshold"": 15.0, ""atr_stop"": 3.0, ""atr_target"": 2.0, ""confirmation_bars"": 1, ""pullback_rsi"": 45.0, ""session_filter"": ""NY""}"
M15,trend_pullback,fixed_tp,1664,0.14603797890963924,44.47822649271342,44.47822649271348,0.1027,84.30373436161678,False,0.0043,0.03131723587050341,1.3353820072849858,0.5799278846153846,15.820023819113354,"{""adx_threshold"": 20.0, ""atr_stop"": 3.0, ""atr_target"": 2.0, ""confirmation_bars"": 2, ""leg_a_atr_target"": 1.5, ""pullback_rsi"": 25, ""session_filter"": ""NY""}"
M15,trend_pullback,mr_exit,3354,0.1816769784911058,54.08903880570666,53.64827101758893,0.0826,61.91596177025516,False,0.0034,0.03125190327050473,1.2521101696251373,0.35241502683363146,16.64824325355107,"{""adx_threshold"": 15.0, ""atr_stop"": 3.0, ""atr_target"": 3.0, ""confirmation_bars"": 2, ""pullback_rsi"": 45.0, ""session_filter"": ""NY""}"
M15,trend_pullback,mr_exit,3354,0.1816769784911058,54.08903880570666,53.64827101758893,0.0826,61.91596177025516,False,0.0034,0.03125190327050473,1.2521101696251373,0.35241502683363146,16.64824325355107,"{""adx_threshold"": 15.0, ""atr_stop"": 3.0, ""atr_target"": 2.0, ""confirmation_bars"": 2, ""pullback_rsi"": 45.0, ""session_filter"": ""NY""}"
M15,trend_pullback,mr_exit,3354,0.1816769784911058,54.08903880570666,53.64827101758893,0.0826,61.91596177025516,False,0.0034,0.03125190327050473,1.2521101696251373,0.35241502683363146,16.648243253551065,"{""adx_threshold"": 15.0, ""atr_stop"": 3.0, ""atr_target"": 2.5, ""confirmation_bars"": 2, ""pullback_rsi"": 45.0, ""session_filter"": ""NY""}"
M15,trend_pullback,mr_exit,2940,0.20538175298525144,60.22813837807198,59.792105275417654,0.073,68.62501877084391,False,0.0029,0.029425225621950584,1.2676453881260492,0.3408163265306122,18.320597275489455,"{""adx_threshold"": 18.0, ""atr_stop"": 3.0, ""atr_target"": 2.5, ""confirmation_bars"": 2, ""pullback_rsi"": 45.0, ""session_filter"": ""NY""}"
M15,trend_pullback,mr_exit,2940,0.20538175298525144,60.22813837807198,59.792105275417654,0.073,68.62501877084391,False,0.0029,0.029425225621950584,1.2676453881260492,0.3408163265306122,18.320597275489447,"{""adx_threshold"": 18.0, ""atr_stop"": 3.0, ""atr_target"": 2.0, ""confirmation_bars"": 2, ""pullback_rsi"": 45.0, ""session_filter"": ""NY""}"
M15,trend_pullback,mr_exit,2940,0.20538175298525144,60.22813837807198,59.792105275417654,0.073,68.62501877084391,False,0.0029,0.029425225621950584,1.2676453881260492,0.3408163265306122,18.320597275489447,"{""adx_threshold"": 18.0, ""atr_stop"": 3.0, ""atr_target"": 3.0, ""confirmation_bars"": 2, ""pullback_rsi"": 45.0, ""session_filter"": ""NY""}"
M15,trend_pullback,partial_tp_mr_time_stop,756,0.23644887498009873,194.06985307639988,194.06985307639988,0.0634,407.5026362575989,False,0.0025,0.0290125298825795,3.6983232768952465,0.4351851851851852,12.425438323760117,"{""adx_threshold"": 25.0, ""atr_stop"": 3.0, ""atr_target"": 3.0, ""confirmation_bars"": 2, ""leg_a_atr_target"": 1.0, ""pullback_rsi"": 35.0, ""session_filter"": ""London"", ""time_stop_minutes"": 120, ""trail_mult"": 1.5}"
M15,trend_pullback,partial_tp_mr_time_stop,756,0.23644887498009873,194.06985307639988,194.06985307639988,0.0634,407.5026362575989,False,0.0025,0.0290125298825795,3.6983232768952465,0.4351851851851852,12.425438323760115,"{""adx_threshold"": 25.0, ""atr_stop"": 3.0, ""atr_target"": 2.5, ""confirmation_bars"": 2, ""leg_a_atr_target"": 1.0, ""pullback_rsi"": 35.0, ""session_filter"": ""London"", ""time_stop_minutes"": 240, ""trail_mult"": 1.5}"
M15,trend_pullback,partial_tp_mr_time_stop,756,0.23644887498009873,194.06985307639988,194.06985307639988,0.0634,407.5026362575989,False,0.0025,0.0290125298825795,3.6983232768952465,0.4351851851851852,12.425438323760115,"{""adx_threshold"": 25.0, ""atr_stop"": 3.0, ""atr_target"": 2.0, ""confirmation_bars"": 2, ""leg_a_atr_target"": 1.0, ""pullback_rsi"": 35.0, ""session_filter"": ""London"", ""time_stop_minutes"": 240, ""trail_mult"": 1.5}"
M15,trend_pullback,partial_tp_mr_time_stop,756,0.23644887498009873,194.06985307639988,194.06985307639988,0.0634,407.5026362575989,False,0.0025,0.0290125298825795,3.6983232768952465,0.4351851851851852,12.425438323760115,"{""adx_threshold"": 25.0, ""atr_stop"": 3.0, ""atr_target"": 2.5, ""confirmation_bars"": 2, ""leg_a_atr_target"": 1.0, ""pullback_rsi"": 35.0, ""session_filter"": ""London"", ""time_stop_minutes"": 120, ""trail_mult"": 1.5}"
M15,trend_pullback,partial_tp_mr_time_stop,756,0.23644887498009873,194.06985307639988,194.06985307639988,0.0634,407.5026362575989,False,0.0025,0.0290125298825795,3.6983232768952465,0.4351851851851852,12.425438323760115,"{""adx_threshold"": 25.0, ""atr_stop"": 3.0, ""atr_target"": 2.0, ""confirmation_bars"": 2, ""leg_a_atr_target"": 1.0, ""pullback_rsi"": 35.0, ""session_filter"": ""London"", ""time_stop_minutes"": 180, ""trail_mult"": 1.5}"
M15,trend_pullback,partial_tp_mr_time_stop,756,0.23644887498009873,194.06985307639988,194.06985307639988,0.0634,407.5026362575989,False,0.0025,0.0290125298825795,3.6983232768952465,0.4351851851851852,12.425438323760115,"{""adx_threshold"": 25.0, ""atr_stop"": 3.0, ""atr_target"": 2.0, ""confirmation_bars"": 2, ""leg_a_atr_target"": 1.0, ""pullback_rsi"": 35.0, ""session_filter"": ""London"", ""time_stop_minutes"": 120, ""trail_mult"": 1.5}"
M15,trend_pullback,partial_tp_mr_time_stop,756,0.23644887498009873,194.06985307639988,194.06985307639988,0.0634,407.5026362575989,False,0.0025,0.0290125298825795,3.6983232768952465,0.4351851851851852,12.425438323760117,"{""adx_threshold"": 25.0, ""atr_stop"": 3.0, ""atr_target"": 3.0, ""confirmation_bars"": 2, ""leg_a_atr_target"": 1.0, ""pullback_rsi"": 35.0, ""session_filter"": ""London"", ""time_stop_minutes"": 240, ""trail_mult"": 1.5}"
M15,trend_pullback,partial_tp_mr_time_stop,756,0.23644887498009873,194.06985307639988,194.06985307639988,0.0634,407.5026362575989,False,0.0025,0.0290125298825795,3.6983232768952465,0.4351851851851852,12.425438323760117,"{""adx_threshold"": 25.0, ""atr_stop"": 3.0, ""atr_target"": 3.0, ""confirmation_bars"": 2, ""leg_a_atr_target"": 1.0, ""pullback_rsi"": 35.0, ""session_filter"": ""London"", ""time_stop_minutes"": 180, ""trail_mult"": 1.5}"
M15,trend_pullback,partial_tp_mr_time_stop,756,0.23644887498009873,194.06985307639988,194.06985307639988,0.0634,407.5026362575989,False,0.0025,0.0290125298825795,3.6983232768952465,0.4351851851851852,12.425438323760117,"{""adx_threshold"": 25.0, ""atr_stop"": 3.0, ""atr_target"": 2.5, ""confirmation_bars"": 2, ""leg_a_atr_target"": 1.0, ""pullback_rsi"": 35.0, ""session_filter"": ""London"", ""time_stop_minutes"": 180, ""trail_mult"": 1.5}"
M15,trend_pullback,mr_exit,2618,0.22621626894262586,74.7750949481177,74.30634302441565,0.0663,86.2580724845149,False,0.0023,0.02561960710882897,1.2876263925627798,0.3315508021390374,19.296870887720942,"{""adx_threshold"": 20.0, ""atr_stop"": 3.0, ""atr_target"": 2.5, ""confirmation_bars"": 2, ""pullback_rsi"": 45.0, ""session_filter"": ""NY""}"
M15,trend_pullback,mr_exit,2618,0.22621626894262586,74.7750949481177,74.30634302441565,0.0663,86.2580724845149,False,0.0023,0.02561960710882897,1.2876263925627798,0.3315508021390374,19.29687088772094,"{""adx_threshold"": 20.0, ""atr_stop"": 3.0, ""atr_target"": 2.0, ""confirmation_bars"": 2, ""pullback_rsi"": 45.0, ""session_filter"": ""NY""}"
M15,trend_pullback,mr_exit,2618,0.22621626894262586,74.7750949481177,74.30634302441565,0.0663,86.2580724845149,False,0.0023,0.02561960710882897,1.2876263925627798,0.3315508021390374,19.29687088772094,"{""adx_threshold"": 20.0, ""atr_stop"": 3.0, ""atr_target"": 3.0, ""confirmation_bars"": 2, ""pullback_rsi"": 45.0, ""session_filter"": ""NY""}"
M15,trend_pullback,partial_tp_mr_time_stop,805,0.21938469283720138,205.03988506092134,205.03988506092134,0.0684,446.867101942073,False,0.0023,0.025427228017270643,3.5194003659386555,0.4012422360248447,10.61467446819461,"{""adx_threshold"": 25.0, ""atr_stop"": 2.0, ""atr_target"": 2.0, ""confirmation_bars"": 2, ""leg_a_atr_target"": 1.0, ""pullback_rsi"": 35.0, ""session_filter"": ""London"", ""time_stop_minutes"": 240, ""trail_mult"": 1.5}"
M15,trend_pullback,partial_tp_mr_time_stop,805,0.21938469283720138,205.03988506092134,205.03988506092134,0.0684,446.867101942073,False,0.0023,0.025427228017270643,3.5194003659386555,0.4012422360248447,10.61467446819461,"{""adx_threshold"": 25.0, ""atr_stop"": 2.0, ""atr_target"": 2.5, ""confirmation_bars"": 2, ""leg_a_atr_target"": 1.0, ""pullback_rsi"": 35.0, ""session_filter"": ""London"", ""time_stop_minutes"": 120, ""trail_mult"": 1.5}"
M15,trend_pullback,partial_tp_mr_time_stop,805,0.21938469283720138,205.03988506092134,205.03988506092134,0.0684,446.867101942073,False,0.0023,0.025427228017270643,3.5194003659386555,0.4012422360248447,10.61467446819461,"{""adx_threshold"": 25.0, ""atr_stop"": 2.0, ""atr_target"": 3.0, ""confirmation_bars"": 2, ""leg_a_atr_target"": 1.0, ""pullback_rsi"": 35.0, ""session_filter"": ""London"", ""time_stop_minutes"": 120, ""trail_mult"": 1.5}"
M15,trend_pullback,partial_tp_mr_time_stop,805,0.21938469283720138,205.03988506092134,205.03988506092134,0.0684,446.867101942073,False,0.0023,0.025427228017270643,3.5194003659386555,0.4012422360248447,10.61467446819461,"{""adx_threshold"": 25.0, ""atr_stop"": 2.0, ""atr_target"": 2.0, ""confirmation_bars"": 2, ""leg_a_atr_target"": 1.0, ""pullback_rsi"": 35.0, ""session_filter"": ""London"", ""time_stop_minutes"": 180, ""trail_mult"": 1.5}"
M15,trend_pullback,partial_tp_mr_time_stop,805,0.21938469283720138,205.03988506092134,205.03988506092134,0.0684,446.867101942073,False,0.0023,0.025427228017270643,3.5194003659386555,0.4012422360248447,10.61467446819461,"{""adx_threshold"": 25.0, ""atr_stop"": 2.0, ""atr_target"": 2.0, ""confirmation_bars"": 2, ""leg_a_atr_target"": 1.0, ""pullback_rsi"": 35.0, ""session_filter"": ""London"", ""time_stop_minutes"": 120, ""trail_mult"": 1.5}"
M15,trend_pullback,partial_tp_mr_time_stop,805,0.21938469283720138,205.03988506092134,205.03988506092134,0.0684,446.867101942073,False,0.0023,0.025427228017270643,3.5194003659386555,0.4012422360248447,10.61467446819461,"{""adx_threshold"": 25.0, ""atr_stop"": 2.0, ""atr_target"": 3.0, ""confirmation_bars"": 2, ""leg_a_atr_target"": 1.0, ""pullback_rsi"": 35.0, ""session_filter"": ""London"", ""time_stop_minutes"": 240, ""trail_mult"": 1.5}"
M15,trend_pullback,partial_tp_mr_time_stop,805,0.21938469283720138,205.03988506092134,205.03988506092134,0.0684,446.867101942073,False,0.0023,0.025427228017270643,3.5194003659386555,0.4012422360248447,10.61467446819461,"{""adx_threshold"": 25.0, ""atr_stop"": 2.0, ""atr_target"": 3.0, ""confirmation_bars"": 2, ""leg_a_atr_target"": 1.0, ""pullback_rsi"": 35.0, ""session_filter"": ""London"", ""time_stop_minutes"": 180, ""trail_mult"": 1.5}"
M15,trend_pullback,partial_tp_mr_time_stop,805,0.21938469283720138,205.03988506092134,205.03988506092134,0.0684,446.867101942073,False,0.0023,0.025427228017270643,3.5194003659386555,0.4012422360248447,10.61467446819461,"{""adx_threshold"": 25.0, ""atr_stop"": 2.0, ""atr_target"": 2.5, ""confirmation_bars"": 2, ""leg_a_atr_target"": 1.0, ""pullback_rsi"": 35.0, ""session_filter"": ""London"", ""time_stop_minutes"": 180, ""trail_mult"": 1.5}"
M15,trend_pullback,partial_tp_mr_time_stop,805,0.21938469283720138,205.03988506092134,205.03988506092134,0.0684,446.867101942073,False,0.0023,0.025427228017270643,3.5194003659386555,0.4012422360248447,10.61467446819461,"{""adx_threshold"": 25.0, ""atr_stop"": 2.0, ""atr_target"": 2.5, ""confirmation_bars"": 2, ""leg_a_atr_target"": 1.0, ""pullback_rsi"": 35.0, ""session_filter"": ""London"", ""time_stop_minutes"": 240, ""trail_mult"": 1.5}"
M15,trend_pullback,partial_tp_mr_time_stop,785,0.22288562305799903,224.45035681684718,224.45035681684718,0.0673,495.4550350992269,False,0.0021,0.02389338054218786,3.479544894727489,0.42929936305732486,11.488417985075326,"{""adx_threshold"": 25.0, ""atr_stop"": 3.0, ""atr_target"": 2.5, ""confirmation_bars"": 1, ""leg_a_atr_target"": 1.0, ""pullback_rsi"": 35.0, ""session_filter"": ""London"", ""time_stop_minutes"": 240, ""trail_mult"": 1.5}"
M15,trend_pullback,partial_tp_mr_time_stop,785,0.22288562305799903,224.45035681684718,224.45035681684718,0.0673,495.4550350992269,False,0.0021,0.02389338054218786,3.479544894727489,0.42929936305732486,11.488417985075328,"{""adx_threshold"": 25.0, ""atr_stop"": 3.0, ""atr_target"": 2.5, ""confirmation_bars"": 1, ""leg_a_atr_target"": 1.0, ""pullback_rsi"": 35.0, ""session_filter"": ""London"", ""time_stop_minutes"": 180, ""trail_mult"": 1.5}"
M15,trend_pullback,partial_tp_mr_time_stop,785,0.22288562305799903,224.45035681684718,224.45035681684718,0.0673,495.4550350992269,False,0.0021,0.02389338054218786,3.479544894727489,0.42929936305732486,11.488417985075328,"{""adx_threshold"": 25.0, ""atr_stop"": 3.0, ""atr_target"": 3.0, ""confirmation_bars"": 1, ""leg_a_atr_target"": 1.0, ""pullback_rsi"": 35.0, ""session_filter"": ""London"", ""time_stop_minutes"": 120, ""trail_mult"": 1.5}"
M15,trend_pullback,partial_tp_mr_time_stop,785,0.22288562305799903,224.45035681684718,224.45035681684718,0.0673,495.4550350992269,False,0.0021,0.02389338054218786,3.479544894727489,0.42929936305732486,11.488417985075328,"{""adx_threshold"": 25.0, ""atr_stop"": 3.0, ""atr_target"": 3.0, ""confirmation_bars"": 1, ""leg_a_atr_target"": 1.0, ""pullback_rsi"": 35.0, ""session_filter"": ""London"", ""time_stop_minutes"": 180, ""trail_mult"": 1.5}"
M15,trend_pullback,partial_tp_mr_time_stop,785,0.22288562305799903,224.45035681684718,224.45035681684718,0.0673,495.4550350992269,False,0.0021,0.02389338054218786,3.479544894727489,0.42929936305732486,11.488417985075328,"{""adx_threshold"": 25.0, ""atr_stop"": 3.0, ""atr_target"": 3.0, ""confirmation_bars"": 1, ""leg_a_atr_target"": 1.0, ""pullback_rsi"": 35.0, ""session_filter"": ""London"", ""time_stop_minutes"": 240, ""trail_mult"": 1.5}"
M15,trend_pullback,partial_tp_mr_time_stop,785,0.22288562305799903,224.45035681684718,224.45035681684718,0.0673,495.4550350992269,False,0.0021,0.02389338054218786,3.479544894727489,0.42929936305732486,11.488417985075326,"{""adx_threshold"": 25.0, ""atr_stop"": 3.0, ""atr_target"": 2.0, ""confirmation_bars"": 1, ""leg_a_atr_target"": 1.0, ""pullback_rsi"": 35.0, ""session_filter"": ""London"", ""time_stop_minutes"": 240, ""trail_mult"": 1.5}"
M15,trend_pullback,partial_tp_mr_time_stop,785,0.22288562305799903,224.45035681684718,224.45035681684718,0.0673,495.4550350992269,False,0.0021,0.02389338054218786,3.479544894727489,0.42929936305732486,11.488417985075326,"{""adx_threshold"": 25.0, ""atr_stop"": 3.0, ""atr_target"": 2.5, ""confirmation_bars"": 1, ""leg_a_atr_target"": 1.0, ""pullback_rsi"": 35.0, ""session_filter"": ""London"", ""time_stop_minutes"": 120, ""trail_mult"": 1.5}"
M15,trend_pullback,partial_tp_mr_time_stop,785,0.22288562305799903,224.45035681684718,224.45035681684718,0.0673,495.4550350992269,False,0.0021,0.02389338054218786,3.479544894727489,0.42929936305732486,11.488417985075326,"{""adx_threshold"": 25.0, ""atr_stop"": 3.0, ""atr_target"": 2.0, ""confirmation_bars"": 1, ""leg_a_atr_target"": 1.0, ""pullback_rsi"": 35.0, ""session_filter"": ""London"", ""time_stop_minutes"": 180, ""trail_mult"": 1.5}"
M15,trend_pullback,partial_tp_mr_time_stop,785,0.22288562305799903,224.45035681684718,224.45035681684718,0.0673,495.4550350992269,False,0.0021,0.02389338054218786,3.479544894727489,0.42929936305732486,11.488417985075326,"{""adx_threshold"": 25.0, ""atr_stop"": 3.0, ""atr_target"": 2.0, ""confirmation_bars"": 1, ""leg_a_atr_target"": 1.0, ""pullback_rsi"": 35.0, ""session_filter"": ""London"", ""time_stop_minutes"": 120, ""trail_mult"": 1.5}"
M15,trend_pullback,partial_tp_mr_time_stop,872,0.20186735203839845,207.44419289565568,207.44419289565568,0.0743,458.49413922492033,False,0.0022,0.022695102445275315,2.729704075636637,0.41743119266055045,9.576435971704885,"{""adx_threshold"": 25.0, ""atr_stop"": 2.5, ""atr_target"": 2.0, ""confirmation_bars"": 2, ""leg_a_atr_target"": 1.5, ""pullback_rsi"": 35.0, ""session_filter"": ""London"", ""time_stop_minutes"": 180, ""trail_mult"": 1.5}"
M15,trend_pullback,partial_tp_mr_time_stop,872,0.20186735203839845,207.44419289565568,207.44419289565568,0.0743,458.49413922492033,False,0.0022,0.022695102445275315,2.729704075636637,0.41743119266055045,9.576435971704885,"{""adx_threshold"": 25.0, ""atr_stop"": 2.5, ""atr_target"": 2.0, ""confirmation_bars"": 2, ""leg_a_atr_target"": 1.5, ""pullback_rsi"": 35.0, ""session_filter"": ""London"", ""time_stop_minutes"": 120, ""trail_mult"": 1.5}"
M15,trend_pullback,partial_tp_mr_time_stop,872,0.20186735203839845,207.44419289565568,207.44419289565568,0.0743,458.49413922492033,False,0.0022,0.022695102445275315,2.729704075636637,0.41743119266055045,9.576435971704884,"{""adx_threshold"": 25.0, ""atr_stop"": 2.5, ""atr_target"": 3.0, ""confirmation_bars"": 2, ""leg_a_atr_target"": 1.5, ""pullback_rsi"": 35.0, ""session_filter"": ""London"", ""time_stop_minutes"": 240, ""trail_mult"": 1.5}"
M15,trend_pullback,partial_tp_mr_time_stop,872,0.20186735203839845,207.44419289565568,207.44419289565568,0.0743,458.49413922492033,False,0.0022,0.022695102445275315,2.729704075636637,0.41743119266055045,9.576435971704885,"{""adx_threshold"": 25.0, ""atr_stop"": 2.5, ""atr_target"": 2.0, ""confirmation_bars"": 2, ""leg_a_atr_target"": 1.5, ""pullback_rsi"": 35.0, ""session_filter"": ""London"", ""time_stop_minutes"": 240, ""trail_mult"": 1.5}"
M15,trend_pullback,partial_tp_mr_time_stop,872,0.20186735203839845,207.44419289565568,207.44419289565568,0.0743,458.49413922492033,False,0.0022,0.022695102445275315,2.729704075636637,0.41743119266055045,9.576435971704884,"{""adx_threshold"": 25.0, ""atr_stop"": 2.5, ""atr_target"": 2.5, ""confirmation_bars"": 2, ""leg_a_atr_target"": 1.5, ""pullback_rsi"": 35.0, ""session_filter"": ""London"", ""time_stop_minutes"": 120, ""trail_mult"": 1.5}"
M15,trend_pullback,partial_tp_mr_time_stop,872,0.20186735203839845,207.44419289565568,207.44419289565568,0.0743,458.49413922492033,False,0.0022,0.022695102445275315,2.729704075636637,0.41743119266055045,9.576435971704884,"{""adx_threshold"": 25.0, ""atr_stop"": 2.5, ""atr_target"": 2.5, ""confirmation_bars"": 2, ""leg_a_atr_target"": 1.5, ""pullback_rsi"": 35.0, ""session_filter"": ""London"", ""time_stop_minutes"": 240, ""trail_mult"": 1.5}"
M15,trend_pullback,partial_tp_mr_time_stop,872,0.20186735203839845,207.44419289565568,207.44419289565568,0.0743,458.49413922492033,False,0.0022,0.022695102445275315,2.729704075636637,0.41743119266055045,9.576435971704884,"{""adx_threshold"": 25.0, ""atr_stop"": 2.5, ""atr_target"": 3.0, ""confirmation_bars"": 2, ""leg_a_atr_target"": 1.5, ""pullback_rsi"": 35.0, ""session_filter"": ""London"", ""time_stop_minutes"": 120, ""trail_mult"": 1.5}"
M15,trend_pullback,partial_tp_mr_time_stop,872,0.20186735203839845,207.44419289565568,207.44419289565568,0.0743,458.49413922492033,False,0.0022,0.022695102445275315,2.729704075636637,0.41743119266055045,9.576435971704884,"{""adx_threshold"": 25.0, ""atr_stop"": 2.5, ""atr_target"": 3.0, ""confirmation_bars"": 2, ""leg_a_atr_target"": 1.5, ""pullback_rsi"": 35.0, ""session_filter"": ""London"", ""time_stop_minutes"": 180, ""trail_mult"": 1.5}"
M15,trend_pullback,partial_tp_mr_time_stop,872,0.20186735203839845,207.44419289565568,207.44419289565568,0.0743,458.49413922492033,False,0.0022,0.022695102445275315,2.729704075636637,0.41743119266055045,9.576435971704885,"{""adx_threshold"": 25.0, ""atr_stop"": 2.5, ""atr_target"": 2.5, ""confirmation_bars"": 2, ""leg_a_atr_target"": 1.5, ""pullback_rsi"": 35.0, ""session_filter"": ""London"", ""time_stop_minutes"": 180, ""trail_mult"": 1.5}"
M15,trend_pullback,partial_tp_mr_time_stop,887,0.20153897299875742,208.0684454380296,208.1548009589623,0.0744,458.7905642709155,False,0.0022,0.022536523587843145,3.238710242117476,0.4464487034949267,11.444367383854637,"{""adx_threshold"": 25.0, ""atr_stop"": 3.0, ""atr_target"": 3.0, ""confirmation_bars"": 1, ""leg_a_atr_target"": 1.0, ""pullback_rsi"": 35.0, ""session_filter"": ""London_NY"", ""time_stop_minutes"": 120, ""trail_mult"": 1.5}"
M15,trend_pullback,partial_tp_mr_time_stop,887,0.20153897299875742,208.0684454380296,208.1548009589623,0.0744,458.7905642709155,False,0.0022,0.022536523587843145,3.238710242117476,0.4464487034949267,11.444367383854637,"{""adx_threshold"": 25.0, ""atr_stop"": 3.0, ""atr_target"": 2.5, ""confirmation_bars"": 1, ""leg_a_atr_target"": 1.0, ""pullback_rsi"": 35.0, ""session_filter"": ""London_NY"", ""time_stop_minutes"": 180, ""trail_mult"": 1.5}"
M15,trend_pullback,partial_tp_mr_time_stop,887,0.20153897299875742,208.0684454380296,208.1548009589623,0.0744,458.7905642709155,False,0.0022,0.022536523587843145,3.238710242117476,0.4464487034949267,11.444367383854637,"{""adx_threshold"": 25.0, ""atr_stop"": 3.0, ""atr_target"": 2.0, ""confirmation_bars"": 1, ""leg_a_atr_target"": 1.0, ""pullback_rsi"": 35.0, ""session_filter"": ""London_NY"", ""time_stop_minutes"": 240, ""trail_mult"": 1.5}"
M15,trend_pullback,partial_tp_mr_time_stop,887,0.20153897299875742,208.0684454380296,208.1548009589623,0.0744,458.7905642709155,False,0.0022,0.022536523587843145,3.238710242117476,0.4464487034949267,11.444367383854638,"{""adx_threshold"": 25.0, ""atr_stop"": 3.0, ""atr_target"": 2.5, ""confirmation_bars"": 1, ""leg_a_atr_target"": 1.0, ""pullback_rsi"": 35.0, ""session_filter"": ""London_NY"", ""time_stop_minutes"": 120, ""trail_mult"": 1.5}"
M15,trend_pullback,partial_tp_mr_time_stop,887,0.20153897299875742,208.0684454380296,208.1548009589623,0.0744,458.7905642709155,False,0.0022,0.022536523587843145,3.238710242117476,0.4464487034949267,11.444367383854638,"{""adx_threshold"": 25.0, ""atr_stop"": 3.0, ""atr_target"": 2.0, ""confirmation_bars"": 1, ""leg_a_atr_target"": 1.0, ""pullback_rsi"": 35.0, ""session_filter"": ""London_NY"", ""time_stop_minutes"": 180, ""trail_mult"": 1.5}"
M15,trend_pullback,partial_tp_mr_time_stop,887,0.20153897299875742,208.0684454380296,208.1548009589623,0.0744,458.7905642709155,False,0.0022,0.022536523587843145,3.238710242117476,0.4464487034949267,11.444367383854638,"{""adx_threshold"": 25.0, ""atr_stop"": 3.0, ""atr_target"": 2.5, ""confirmation_bars"": 1, ""leg_a_atr_target"": 1.0, ""pullback_rsi"": 35.0, ""session_filter"": ""London_NY"", ""time_stop_minutes"": 240, ""trail_mult"": 1.5}"
M15,trend_pullback,mr_exit,3014,0.18770228572328387,73.71012010800354,73.24032419773881,0.0799,85.97761516202443,False,0.0023,0.021684937280405263,1.2432678080770294,0.3364299933642999,17.490679953921166,"{""adx_threshold"": 18.0, ""atr_stop"": 3.0, ""atr_target"": 2.5, ""confirmation_bars"": 1, ""pullback_rsi"": 45.0, ""session_filter"": ""NY""}"
M15,trend_pullback,mr_exit,3014,0.18770228572328387,73.71012010800354,73.24032419773881,0.0799,85.97761516202443,False,0.0023,0.021684937280405263,1.2432678080770294,0.3364299933642999,17.49067995392116,"{""adx_threshold"": 18.0, ""atr_stop"": 3.0, ""atr_target"": 2.0, ""confirmation_bars"": 1, ""pullback_rsi"": 45.0, ""session_filter"": ""NY""}"
M15,trend_pullback,mr_exit,3014,0.18770228572328387,73.71012010800354,73.24032419773881,0.0799,85.97761516202443,False,0.0023,0.021684937280405263,1.2432678080770294,0.3364299933642999,17.49067995392116,"{""adx_threshold"": 18.0, ""atr_stop"": 3.0, ""atr_target"": 3.0, ""confirmation_bars"": 1, ""pullback_rsi"": 45.0, ""session_filter"": ""NY""}"
M15,trend_pullback,mr_exit,2690,0.1898345300959545,78.08521102149123,77.76984970582083,0.079,91.48152666798676,False,0.0022,0.020690173744344828,1.2402056433158248,0.33011152416356876,17.589572258360217,"{""adx_threshold"": 20.0, ""atr_stop"": 3.0, ""atr_target"": 2.5, ""confirmation_bars"": 1, ""pullback_rsi"": 45.0, ""session_filter"": ""NY""}"
M15,trend_pullback,mr_exit,2690,0.1898345300959545,78.08521102149123,77.76984970582083,0.079,91.48152666798676,False,0.0022,0.020690173744344828,1.2402056433158248,0.33011152416356876,17.589572258360214,"{""adx_threshold"": 20.0, ""atr_stop"": 3.0, ""atr_target"": 2.0, ""confirmation_bars"": 1, ""pullback_rsi"": 45.0, ""session_filter"": ""NY""}"
M15,trend_pullback,mr_exit,2690,0.1898345300959545,78.08521102149123,77.76984970582083,0.079,91.48152666798676,False,0.0022,0.020690173744344828,1.2402056433158248,0.33011152416356876,17.589572258360214,"{""adx_threshold"": 20.0, ""atr_stop"": 3.0, ""atr_target"": 3.0, ""confirmation_bars"": 1, ""pullback_rsi"": 45.0, ""session_filter"": ""NY""}"
M15,trend_pullback,mr_exit,1918,0.17795464345879405,78.52942985203373,78.49126796946386,0.0843,92.68709715814548,False,0.0022,0.019603776059812564,1.2123015610885275,0.32638164754953075,16.425503717144334,"{""adx_threshold"": 25.0, ""atr_stop"": 3.0, ""atr_target"": 2.5, ""confirmation_bars"": 2, ""pullback_rsi"": 45.0, ""session_filter"": ""NY""}"
M15,trend_pullback,mr_exit,1918,0.17795464345879405,78.52942985203373,78.49126796946386,0.0843,92.68709715814548,False,0.0022,0.019603776059812564,1.2123015610885275,0.32638164754953075,16.425503717144334,"{""adx_threshold"": 25.0, ""atr_stop"": 3.0, ""atr_target"": 3.0, ""confirmation_bars"": 2, ""pullback_rsi"": 45.0, ""session_filter"": ""NY""}"
M15,trend_pullback,mr_exit,1918,0.17795464345879405,78.52942985203373,78.49126796946386,0.0843,92.68709715814548,False,0.0022,0.019603776059812564,1.2123015610885275,0.32638164754953075,16.425503717144334,"{""adx_threshold"": 25.0, ""atr_stop"": 3.0, ""atr_target"": 2.0, ""confirmation_bars"": 2, ""pullback_rsi"": 45.0, ""session_filter"": ""NY""}"
M5,trend_pullback,fixed_tp,7923,0.1302758106405291,15.59346719697627,15.59346719697627,0.1151,52.29854123174519,False,0.0556,0.3620152586489517,1.9164565382543812,0.7921241953805377,11.87688759002615,"{""adx_threshold"": 20, ""atr_stop"": 3.0, ""atr_target"": 1.0, ""confirmation_bars"": 1, ""leg_a_atr_target"": 0.8, ""pullback_rsi"": 30, ""session_filter"": ""NY""}"
M5,trend_pullback,fixed_tp_plus_mr,7923,0.12973479482270364,13.790875555103984,13.790875555103966,0.1156,52.44960343525258,False,0.0556,0.3605118638110283,1.9229583563903287,0.7878328915814716,11.871849993866963,"{""adx_threshold"": 20, ""atr_stop"": 3.0, ""atr_target"": 1.0, ""confirmation_bars"": 1, ""leg_a_atr_target"": 0.8, ""pullback_rsi"": 30, ""session_filter"": ""NY""}"
M5,trend_pullback,fixed_tp,7823,0.12763482208986354,15.59346719697627,15.59346719697627,0.1175,53.04431831612474,False,0.0556,0.3546763816267528,1.8920560635909172,0.7910008947973923,11.753609035373366,"{""adx_threshold"": 20, ""atr_stop"": 3.0, ""atr_target"": 1.0, ""confirmation_bars"": 2, ""leg_a_atr_target"": 0.8, ""pullback_rsi"": 30, ""session_filter"": ""NY""}"
M5,trend_pullback,fixed_tp_plus_mr,7823,0.12708689056428116,14.067075465924683,14.067075465924662,0.118,53.20171837460863,False,0.0556,0.3531537691633926,1.8983634110589507,0.7866547360347693,11.748364555522581,"{""adx_threshold"": 20, ""atr_stop"": 3.0, ""atr_target"": 1.0, ""confirmation_bars"": 2, ""leg_a_atr_target"": 0.8, ""pullback_rsi"": 30, ""session_filter"": ""NY""}"
M5,trend_pullback,fixed_tp,5254,0.12487122264253044,15.416616549365425,15.416616549365425,0.1201,57.02786720131269,False,0.0536,0.33439245233394516,1.8330159932522567,0.7866387514274839,11.670418035418653,"{""adx_threshold"": 25, ""atr_stop"": 3.0, ""atr_target"": 1.0, ""confirmation_bars"": 2, ""leg_a_atr_target"": 0.8, ""pullback_rsi"": 30, ""session_filter"": ""NY""}"
M5,trend_pullback,fixed_tp_plus_mr,5254,0.12471162630857323,13.713864840108672,13.26009968435628,0.1203,57.08074992063471,False,0.0536,0.3339650695601876,1.8388693429602618,0.7830224590787971,11.674762049301032,"{""adx_threshold"": 25, ""atr_stop"": 3.0, ""atr_target"": 1.0, ""confirmation_bars"": 2, ""leg_a_atr_target"": 0.8, ""pullback_rsi"": 30, ""session_filter"": ""NY""}"
M5,trend_pullback,fixed_tp,8207,0.12952827163131386,13.274744974368074,13.274744974368074,0.1158,76.86398193527005,False,0.0452,0.29272488145290293,1.9431725231179808,0.7726331180699403,11.699222956450498,"{""adx_threshold"": 20, ""atr_stop"": 2.5, ""atr_target"": 1.0, ""confirmation_bars"": 1, ""leg_a_atr_target"": 0.8, ""pullback_rsi"": 30, ""session_filter"": ""NY""}"
M5,trend_pullback,fixed_tp_plus_mr,8207,0.1292345853042191,13.274744974368074,13.274744974368074,0.1161,77.03865576957924,False,0.0452,0.2920611707880386,1.945927011382696,0.7705617156086267,11.696269921158418,"{""adx_threshold"": 20, ""atr_stop"": 2.5, ""atr_target"": 1.0, ""confirmation_bars"": 1, ""leg_a_atr_target"": 0.8, ""pullback_rsi"": 30, ""session_filter"": ""NY""}"
M5,trend_pullback,fixed_tp_plus_mr,6798,0.14072973477640874,20.739357158279383,20.739357158279383,0.1066,69.69290845390738,False,0.0378,0.2657822831457063,1.7463859422208867,0.7905266254780818,12.13800018447816,"{""adx_threshold"": 20, ""atr_stop"": 3.0, ""atr_target"": 1.0, ""confirmation_bars"": 1, ""leg_a_atr_target"": 1.0, ""pullback_rsi"": 30, ""session_filter"": ""NY""}"
M5,trend_pullback,fixed_tp_plus_mr,6708,0.13748099759243756,20.739357158279383,20.739357158279383,0.1091,70.88123835887413,False,0.0378,0.2596467156519704,1.7231517198133806,0.789505068574836,11.981745604744672,"{""adx_threshold"": 20, ""atr_stop"": 3.0, ""atr_target"": 1.0, ""confirmation_bars"": 2, ""leg_a_atr_target"": 1.0, ""pullback_rsi"": 30, ""session_filter"": ""NY""}"
M5,trend_pullback,fixed_tp,7120,0.1393722968883123,20.645614055511498,20.645614055511498,0.1076,90.48989638136561,False,0.0357,0.24864654397629948,1.7676361278361965,0.7688202247191012,11.92360822190951,"{""adx_threshold"": 20, ""atr_stop"": 2.5, ""atr_target"": 1.0, ""confirmation_bars"": 1, ""leg_a_atr_target"": 1.0, ""pullback_rsi"": 30, ""session_filter"": ""NY""}"
M5,trend_pullback,fixed_tp_plus_mr,4812,0.13565109661090702,21.617662762338394,21.617662762338394,0.1106,77.31222282457013,False,0.0366,0.24839576314320944,1.715893268260099,0.7601828761429759,11.746780669314685,"{""adx_threshold"": 25, ""atr_stop"": 2.5, ""atr_target"": 1.0, ""confirmation_bars"": 1, ""leg_a_atr_target"": 1.0, ""pullback_rsi"": 30, ""session_filter"": ""NY""}"
M5,trend_pullback,fixed_tp_plus_mr,7120,0.13888436845793892,20.645614055511498,20.645614055511498,0.108,90.80780539874634,False,0.0357,0.24777605736863928,1.7695761342239849,0.7654494382022472,11.908403262035618,"{""adx_threshold"": 20, ""atr_stop"": 2.5, ""atr_target"": 1.0, ""confirmation_bars"": 1, ""leg_a_atr_target"": 1.0, ""pullback_rsi"": 30, ""session_filter"": ""NY""}"
M5,trend_pullback,fixed_tp,4812,0.13512161049002733,21.617662762338394,21.617662762338394,0.111,77.57713038117375,False,0.0366,0.24742620143412208,1.7081458714208977,0.7622610141313383,11.71334480537315,"{""adx_threshold"": 25, ""atr_stop"": 2.5, ""atr_target"": 1.0, ""confirmation_bars"": 1, ""leg_a_atr_target"": 1.0, ""pullback_rsi"": 30, ""session_filter"": ""NY""}"
M5,trend_pullback,fixed_tp,7020,0.13655241285533942,20.645614055511498,20.645614055511498,0.1098,92.35856357380476,False,0.0357,0.24361574205319905,1.7466413285012987,0.7678062678062678,11.787814673837131,"{""adx_threshold"": 20, ""atr_stop"": 2.5, ""atr_target"": 1.0, ""confirmation_bars"": 2, ""leg_a_atr_target"": 1.0, ""pullback_rsi"": 30, ""session_filter"": ""NY""}"
M5,trend_pullback,fixed_tp_plus_mr,7020,0.13605753387752487,20.645614055511498,20.645614055511498,0.1102,92.69449727943085,False,0.0357,0.24273285535141265,1.748466875156056,0.7643874643874644,11.772262463136043,"{""adx_threshold"": 20, ""atr_stop"": 2.5, ""atr_target"": 1.0, ""confirmation_bars"": 2, ""leg_a_atr_target"": 1.0, ""pullback_rsi"": 30, ""session_filter"": ""NY""}"
M5,trend_pullback,fixed_tp,4538,0.1317025691862571,20.96899473153653,20.96899473153653,0.1139,78.84630407606247,False,0.0365,0.24057404244275113,1.643416413384631,0.7884530630233583,11.689334687833306,"{""adx_threshold"": 25, ""atr_stop"": 3.0, ""atr_target"": 1.0, ""confirmation_bars"": 2, ""leg_a_atr_target"": 1.0, ""pullback_rsi"": 30, ""session_filter"": ""NY""}"
M5,trend_pullback,fixed_tp_plus_mr,4538,0.13132838051792628,19.437972566055016,18.99407811971988,0.1142,79.01892986549048,False,0.0365,0.23989053200606925,1.6473449104272877,0.7831643895989423,11.679462112723591,"{""adx_threshold"": 25, ""atr_stop"": 3.0, ""atr_target"": 1.0, ""confirmation_bars"": 2, ""leg_a_atr_target"": 1.0, ""pullback_rsi"": 30, ""session_filter"": ""NY""}"
M5,trend_pullback,fixed_tp,6798,0.14196495176112756,25.442223087022953,25.442223087022953,0.1057,69.2514768275346,False,0.0273,0.19396312715556255,1.7459082071645293,0.7975875257428655,12.18874423341657,"{""adx_threshold"": 20, ""atr_stop"": 3.0, ""atr_target"": 1.0, ""confirmation_bars"": 1, ""leg_a_atr_target"": 1.0, ""pullback_rsi"": 30, ""session_filter"": ""NY""}"
M5,trend_pullback,fixed_tp_plus_mr,4614,0.13121206127030663,24.137161807545095,23.71082005629424,0.1143,79.09379699223322,False,0.0289,0.18961929434339905,1.6503685692036365,0.7837017771998266,11.67463861292328,"{""adx_threshold"": 25, ""atr_stop"": 3.0, ""atr_target"": 1.0, ""confirmation_bars"": 1, ""leg_a_atr_target"": 1.0, ""pullback_rsi"": 30, ""session_filter"": ""NY""}"
M5,trend_pullback,fixed_tp,6708,0.13873278725584226,25.442223087022953,25.442223087022953,0.1081,70.41858839323132,False,0.0273,0.189547102445596,1.722889573843645,0.7966607036374478,12.033306163172414,"{""adx_threshold"": 20, ""atr_stop"": 3.0, ""atr_target"": 1.0, ""confirmation_bars"": 2, ""leg_a_atr_target"": 1.0, ""pullback_rsi"": 30, ""session_filter"": ""NY""}"
M5,trend_pullback,fixed_tp,4614,0.1316221479699812,25.507682419013406,25.507682419013406,0.114,78.90429172024221,False,0.0265,0.17455238522719507,1.6467910664839451,0.788903337667967,11.68625662836029,"{""adx_threshold"": 25, ""atr_stop"": 3.0, ""atr_target"": 1.0, ""confirmation_bars"": 1, ""leg_a_atr_target"": 1.0, ""pullback_rsi"": 30, ""session_filter"": ""NY""}"
M5,trend_pullback,partial_tp_mr_time_stop,968,0.20404271349412803,139.81591470656616,139.81591470656616,0.0735,426.9997167222705,False,0.004,0.04112147052396616,3.623747600796078,0.3987603305785124,15.880513064547456,"{""adx_threshold"": 25, ""atr_stop"": 3.0, ""atr_target"": 1.0, ""confirmation_bars"": 2, ""leg_a_atr_target"": 1.0, ""pullback_rsi"": 30, ""session_filter"": ""London"", ""time_stop_minutes"": 90, ""trail_mult"": 2.5}"
M5,trend_pullback,partial_tp_mr_time_stop,968,0.20404271349412803,139.81591470656616,139.81591470656616,0.0735,426.9997167222705,False,0.004,0.04112147052396616,3.623747600796078,0.3987603305785124,15.880513064547456,"{""adx_threshold"": 25, ""atr_stop"": 3.0, ""atr_target"": 1.5, ""confirmation_bars"": 2, ""leg_a_atr_target"": 1.0, ""pullback_rsi"": 30, ""session_filter"": ""London"", ""time_stop_minutes"": 30, ""trail_mult"": 2.5}"
M5,trend_pullback,partial_tp_mr_time_stop,968,0.20404271349412803,139.81591470656616,139.81591470656616,0.0735,426.9997167222705,False,0.004,0.04112147052396616,3.623747600796078,0.3987603305785124,15.880513064547458,"{""adx_threshold"": 25, ""atr_stop"": 3.0, ""atr_target"": 1.5, ""confirmation_bars"": 2, ""leg_a_atr_target"": 1.0, ""pullback_rsi"": 30, ""session_filter"": ""London"", ""time_stop_minutes"": 60, ""trail_mult"": 2.5}"
M5,trend_pullback,partial_tp_mr_time_stop,968,0.20404271349412803,139.81591470656616,139.81591470656616,0.0735,426.9997167222705,False,0.004,0.04112147052396616,3.623747600796078,0.3987603305785124,15.880513064547456,"{""adx_threshold"": 25, ""atr_stop"": 3.0, ""atr_target"": 1.0, ""confirmation_bars"": 2, ""leg_a_atr_target"": 1.0, ""pullback_rsi"": 30, ""session_filter"": ""London"", ""time_stop_minutes"": 30, ""trail_mult"": 2.5}"
M5,trend_pullback,partial_tp_mr_time_stop,968,0.20404271349412803,139.81591470656616,139.81591470656616,0.0735,426.9997167222705,False,0.004,0.04112147052396616,3.623747600796078,0.3987603305785124,15.880513064547458,"{""adx_threshold"": 25, ""atr_stop"": 3.0, ""atr_target"": 1.0, ""confirmation_bars"": 2, ""leg_a_atr_target"": 1.0, ""pullback_rsi"": 30, ""session_filter"": ""London"", ""time_stop_minutes"": 60, ""trail_mult"": 2.5}"
M5,trend_pullback,partial_tp_mr_time_stop,968,0.20404271349412803,139.81591470656616,139.81591470656616,0.0735,426.9997167222705,False,0.004,0.04112147052396616,3.623747600796078,0.3987603305785124,15.880513064547456,"{""adx_threshold"": 25, ""atr_stop"": 3.0, ""atr_target"": 1.5, ""confirmation_bars"": 2, ""leg_a_atr_target"": 1.0, ""pullback_rsi"": 30, ""session_filter"": ""London"", ""time_stop_minutes"": 90, ""trail_mult"": 2.5}"
M5,trend_pullback,partial_tp_mr_time_stop,1027,0.1862108675971639,184.04599177942777,184.04599177942777,0.0806,659.1368838596836,False,0.0031,0.0293001085215726,3.346876099203659,0.3914313534566699,14.699911434571703,"{""adx_threshold"": 25, ""atr_stop"": 3.0, ""atr_target"": 1.5, ""confirmation_bars"": 1, ""leg_a_atr_target"": 1.0, ""pullback_rsi"": 30, ""session_filter"": ""London"", ""time_stop_minutes"": 30, ""trail_mult"": 2.5}"
M5,trend_pullback,partial_tp_mr_time_stop,1027,0.1862108675971639,184.04599177942777,184.04599177942777,0.0806,659.1368838596836,False,0.0031,0.0293001085215726,3.346876099203659,0.3914313534566699,14.699911434571703,"{""adx_threshold"": 25, ""atr_stop"": 3.0, ""atr_target"": 1.5, ""confirmation_bars"": 1, ""leg_a_atr_target"": 1.0, ""pullback_rsi"": 30, ""session_filter"": ""London"", ""time_stop_minutes"": 90, ""trail_mult"": 2.5}"
M5,trend_pullback,partial_tp_mr_time_stop,1027,0.1862108675971639,184.04599177942777,184.04599177942777,0.0806,659.1368838596836,False,0.0031,0.0293001085215726,3.346876099203659,0.3914313534566699,14.699911434571703,"{""adx_threshold"": 25, ""atr_stop"": 3.0, ""atr_target"": 1.0, ""confirmation_bars"": 1, ""leg_a_atr_target"": 1.0, ""pullback_rsi"": 30, ""session_filter"": ""London"", ""time_stop_minutes"": 90, ""trail_mult"": 2.5}"
M5,trend_pullback,partial_tp_mr_time_stop,1027,0.1862108675971639,184.04599177942777,184.04599177942777,0.0806,659.1368838596836,False,0.0031,0.0293001085215726,3.346876099203659,0.3914313534566699,14.699911434571707,"{""adx_threshold"": 25, ""atr_stop"": 3.0, ""atr_target"": 1.0, ""confirmation_bars"": 1, ""leg_a_atr_target"": 1.0, ""pullback_rsi"": 30, ""session_filter"": ""London"", ""time_stop_minutes"": 60, ""trail_mult"": 2.5}"
M5,trend_pullback,partial_tp_mr_time_stop,1027,0.1862108675971639,184.04599177942777,184.04599177942777,0.0806,659.1368838596836,False,0.0031,0.0293001085215726,3.346876099203659,0.3914313534566699,14.699911434571707,"{""adx_threshold"": 25, ""atr_stop"": 3.0, ""atr_target"": 1.5, ""confirmation_bars"": 1, ""leg_a_atr_target"": 1.0, ""pullback_rsi"": 30, ""session_filter"": ""London"", ""time_stop_minutes"": 60, ""trail_mult"": 2.5}"
M5,trend_pullback,partial_tp_mr_time_stop,1027,0.1862108675971639,184.04599177942777,184.04599177942777,0.0806,659.1368838596836,False,0.0031,0.0293001085215726,3.346876099203659,0.3914313534566699,14.699911434571703,"{""adx_threshold"": 25, ""atr_stop"": 3.0, ""atr_target"": 1.0, ""confirmation_bars"": 1, ""leg_a_atr_target"": 1.0, ""pullback_rsi"": 30, ""session_filter"": ""London"", ""time_stop_minutes"": 30, ""trail_mult"": 2.5}"
M5,trend_pullback,partial_tp_mr_time_stop,1234,0.15788497410656901,164.00929026404953,164.00929026404953,0.095,595.1226140768665,False,0.0034,0.02690491903148421,3.1148927627096548,0.35899513776337116,12.422161096164528,"{""adx_threshold"": 20, ""atr_stop"": 2.5, ""atr_target"": 1.5, ""confirmation_bars"": 1, ""leg_a_atr_target"": 0.8, ""pullback_rsi"": 35, ""session_filter"": ""London"", ""time_stop_minutes"": 90, ""trail_mult"": 2.5}"
M5,trend_pullback,partial_tp_mr_time_stop,1234,0.15788497410656901,164.00929026404953,164.00929026404953,0.095,595.1226140768665,False,0.0034,0.02690491903148421,3.1148927627096548,0.35899513776337116,12.422161096164528,"{""adx_threshold"": 20, ""atr_stop"": 2.5, ""atr_target"": 1.0, ""confirmation_bars"": 1, ""leg_a_atr_target"": 0.8, ""pullback_rsi"": 35, ""session_filter"": ""London"", ""time_stop_minutes"": 90, ""trail_mult"": 2.5}"
M5,trend_pullback,partial_tp_mr_time_stop,1234,0.15788497410656901,164.00929026404953,164.00929026404953,0.095,595.1226140768665,False,0.0034,0.02690491903148421,3.1148927627096548,0.35899513776337116,12.422161096164526,"{""adx_threshold"": 20, ""atr_stop"": 2.5, ""atr_target"": 1.5, ""confirmation_bars"": 1, ""leg_a_atr_target"": 0.8, ""pullback_rsi"": 35, ""session_filter"": ""London"", ""time_stop_minutes"": 60, ""trail_mult"": 2.5}"
M5,trend_pullback,partial_tp_mr_time_stop,1234,0.15788497410656901,164.00929026404953,164.00929026404953,0.095,595.1226140768665,False,0.0034,0.02690491903148421,3.1148927627096548,0.35899513776337116,12.422161096164528,"{""adx_threshold"": 20, ""atr_stop"": 2.5, ""atr_target"": 1.5, ""confirmation_bars"": 1, ""leg_a_atr_target"": 0.8, ""pullback_rsi"": 35, ""session_filter"": ""London"", ""time_stop_minutes"": 30, ""trail_mult"": 2.5}"
M5,trend_pullback,partial_tp_mr_time_stop,1234,0.15788497410656901,164.00929026404953,164.00929026404953,0.095,595.1226140768665,False,0.0034,0.02690491903148421,3.1148927627096548,0.35899513776337116,12.422161096164526,"{""adx_threshold"": 20, ""atr_stop"": 2.5, ""atr_target"": 1.0, ""confirmation_bars"": 1, ""leg_a_atr_target"": 0.8, ""pullback_rsi"": 35, ""session_filter"": ""London"", ""time_stop_minutes"": 60, ""trail_mult"": 2.5}"
M5,trend_pullback,partial_tp_mr_time_stop,1234,0.15788497410656901,164.00929026404953,164.00929026404953,0.095,595.1226140768665,False,0.0034,0.02690491903148421,3.1148927627096548,0.35899513776337116,12.422161096164528,"{""adx_threshold"": 20, ""atr_stop"": 2.5, ""atr_target"": 1.0, ""confirmation_bars"": 1, ""leg_a_atr_target"": 0.8, ""pullback_rsi"": 35, ""session_filter"": ""London"", ""time_stop_minutes"": 30, ""trail_mult"": 2.5}"
M5,trend_pullback,partial_tp_mr_time_stop,1219,0.15819931319677943,182.84263272396157,182.84263272396157,0.0948,860.9800277246112,False,0.0033,0.025917210173821554,3.115393307017975,0.3609515996718622,12.482475628821403,"{""adx_threshold"": 20, ""atr_stop"": 2.5, ""atr_target"": 1.5, ""confirmation_bars"": 2, ""leg_a_atr_target"": 0.8, ""pullback_rsi"": 35, ""session_filter"": ""London"", ""time_stop_minutes"": 60, ""trail_mult"": 2.5}"
M5,trend_pullback,partial_tp_mr_time_stop,1219,0.15819931319677943,182.84263272396157,182.84263272396157,0.0948,860.9800277246112,False,0.0033,0.025917210173821554,3.115393307017975,0.3609515996718622,12.482475628821403,"{""adx_threshold"": 20, ""atr_stop"": 2.5, ""atr_target"": 1.0, ""confirmation_bars"": 2, ""leg_a_atr_target"": 0.8, ""pullback_rsi"": 35, ""session_filter"": ""London"", ""time_stop_minutes"": 60, ""trail_mult"": 2.5}"
M5,trend_pullback,partial_tp_mr_time_stop,1219,0.15819931319677943,182.84263272396157,182.84263272396157,0.0948,860.9800277246112,False,0.0033,0.025917210173821554,3.115393307017975,0.3609515996718622,12.482475628821405,"{""adx_threshold"": 20, ""atr_stop"": 2.5, ""atr_target"": 1.0, ""confirmation_bars"": 2, ""leg_a_atr_target"": 0.8, ""pullback_rsi"": 35, ""session_filter"": ""London"", ""time_stop_minutes"": 30, ""trail_mult"": 2.5}"
M5,trend_pullback,partial_tp_mr_time_stop,1219,0.15819931319677943,182.84263272396157,182.84263272396157,0.0948,860.9800277246112,False,0.0033,0.025917210173821554,3.115393307017975,0.3609515996718622,12.482475628821405,"{""adx_threshold"": 20, ""atr_stop"": 2.5, ""atr_target"": 1.5, ""confirmation_bars"": 2, ""leg_a_atr_target"": 0.8, ""pullback_rsi"": 35, ""session_filter"": ""London"", ""time_stop_minutes"": 30, ""trail_mult"": 2.5}"
M5,trend_pullback,partial_tp_mr_time_stop,1219,0.15819931319677943,182.84263272396157,182.84263272396157,0.0948,860.9800277246112,False,0.0033,0.025917210173821554,3.115393307017975,0.3609515996718622,12.482475628821405,"{""adx_threshold"": 20, ""atr_stop"": 2.5, ""atr_target"": 1.5, ""confirmation_bars"": 2, ""leg_a_atr_target"": 0.8, ""pullback_rsi"": 35, ""session_filter"": ""London"", ""time_stop_minutes"": 90, ""trail_mult"": 2.5}"
M5,trend_pullback,partial_tp_mr_time_stop,1219,0.15819931319677943,182.84263272396157,182.84263272396157,0.0948,860.9800277246112,False,0.0033,0.025917210173821554,3.115393307017975,0.3609515996718622,12.482475628821405,"{""adx_threshold"": 20, ""atr_stop"": 2.5, ""atr_target"": 1.0, ""confirmation_bars"": 2, ""leg_a_atr_target"": 0.8, ""pullback_rsi"": 35, ""session_filter"": ""London"", ""time_stop_minutes"": 90, ""trail_mult"": 2.5}"
M5,trend_pullback,partial_tp_mr_time_stop,1243,0.1556548438353857,174.60983769882807,174.60983769882807,0.0964,700.2290480076344,False,0.0033,0.0255637530479952,3.026951626761934,0.36283185840707965,12.154358602336828,"{""adx_threshold"": 20, ""atr_stop"": 3.0, ""atr_target"": 1.5, ""confirmation_bars"": 1, ""leg_a_atr_target"": 0.8, ""pullback_rsi"": 35, ""session_filter"": ""London"", ""time_stop_minutes"": 90, ""trail_mult"": 2.5}"
M5,trend_pullback,partial_tp_mr_time_stop,1243,0.1556548438353857,174.60983769882807,174.60983769882807,0.0964,700.2290480076344,False,0.0033,0.0255637530479952,3.026951626761934,0.36283185840707965,12.154358602336828,"{""adx_threshold"": 20, ""atr_stop"": 3.0, ""atr_target"": 1.0, ""confirmation_bars"": 1, ""leg_a_atr_target"": 0.8, ""pullback_rsi"": 35, ""session_filter"": ""London"", ""time_stop_minutes"": 90, ""trail_mult"": 2.5}"
M5,trend_pullback,partial_tp_mr_time_stop,1243,0.1556548438353857,174.60983769882807,174.60983769882807,0.0964,700.2290480076344,False,0.0033,0.0255637530479952,3.026951626761934,0.36283185840707965,12.154358602336828,"{""adx_threshold"": 20, ""atr_stop"": 3.0, ""atr_target"": 1.0, ""confirmation_bars"": 1, ""leg_a_atr_target"": 0.8, ""pullback_rsi"": 35, ""session_filter"": ""London"", ""time_stop_minutes"": 30, ""trail_mult"": 2.5}"
M5,trend_pullback,partial_tp_mr_time_stop,1243,0.1556548438353857,174.60983769882807,174.60983769882807,0.0964,700.2290480076344,False,0.0033,0.0255637530479952,3.026951626761934,0.36283185840707965,12.15435860233683,"{""adx_threshold"": 20, ""atr_stop"": 3.0, ""atr_target"": 1.5, ""confirmation_bars"": 1, ""leg_a_atr_target"": 0.8, ""pullback_rsi"": 35, ""session_filter"": ""London"", ""time_stop_minutes"": 60, ""trail_mult"": 2.5}"
M5,trend_pullback,partial_tp_mr_time_stop,1243,0.1556548438353857,174.60983769882807,174.60983769882807,0.0964,700.2290480076344,False,0.0033,0.0255637530479952,3.026951626761934,0.36283185840707965,12.154358602336828,"{""adx_threshold"": 20, ""atr_stop"": 3.0, ""atr_target"": 1.5, ""confirmation_bars"": 1, ""leg_a_atr_target"": 0.8, ""pullback_rsi"": 35, ""session_filter"": ""London"", ""time_stop_minutes"": 30, ""trail_mult"": 2.5}"
M5,trend_pullback,partial_tp_mr_time_stop,1243,0.1556548438353857,174.60983769882807,174.60983769882807,0.0964,700.2290480076344,False,0.0033,0.0255637530479952,3.026951626761934,0.36283185840707965,12.15435860233683,"{""adx_threshold"": 20, ""atr_stop"": 3.0, ""atr_target"": 1.0, ""confirmation_bars"": 1, ""leg_a_atr_target"": 0.8, ""pullback_rsi"": 35, ""session_filter"": ""London"", ""time_stop_minutes"": 60, ""trail_mult"": 2.5}"
M5,trend_pullback,partial_tp_mr_time_stop,1240,0.15430808166019233,190.7844229236046,190.7844229236046,0.0972,848.7821336049615,False,0.0031,0.023772455762343155,3.024098741403628,0.36370967741935484,12.11712760681067,"{""adx_threshold"": 20, ""atr_stop"": 3.0, ""atr_target"": 1.5, ""confirmation_bars"": 2, ""leg_a_atr_target"": 0.8, ""pullback_rsi"": 35, ""session_filter"": ""London"", ""time_stop_minutes"": 90, ""trail_mult"": 2.5}"
M5,trend_pullback,partial_tp_mr_time_stop,1240,0.15430808166019233,190.7844229236046,190.7844229236046,0.0972,848.7821336049615,False,0.0031,0.023772455762343155,3.024098741403628,0.36370967741935484,12.11712760681067,"{""adx_threshold"": 20, ""atr_stop"": 3.0, ""atr_target"": 1.0, ""confirmation_bars"": 2, ""leg_a_atr_target"": 0.8, ""pullback_rsi"": 35, ""session_filter"": ""London"", ""time_stop_minutes"": 30, ""trail_mult"": 2.5}"
M5,trend_pullback,partial_tp_mr_time_stop,1240,0.15430808166019233,190.7844229236046,190.7844229236046,0.0972,848.7821336049615,False,0.0031,0.023772455762343155,3.024098741403628,0.36370967741935484,12.117127606810671,"{""adx_threshold"": 20, ""atr_stop"": 3.0, ""atr_target"": 1.0, ""confirmation_bars"": 2, ""leg_a_atr_target"": 0.8, ""pullback_rsi"": 35, ""session_filter"": ""London"", ""time_stop_minutes"": 60, ""trail_mult"": 2.5}"
M5,trend_pullback,partial_tp_mr_time_stop,1240,0.15430808166019233,190.7844229236046,190.7844229236046,0.0972,848.7821336049615,False,0.0031,0.023772455762343155,3.024098741403628,0.36370967741935484,12.117127606810671,"{""adx_threshold"": 20, ""atr_stop"": 3.0, ""atr_target"": 1.5, ""confirmation_bars"": 2, ""leg_a_atr_target"": 0.8, ""pullback_rsi"": 35, ""session_filter"": ""London"", ""time_stop_minutes"": 60, ""trail_mult"": 2.5}"
M5,trend_pullback,partial_tp_mr_time_stop,1240,0.15430808166019233,190.7844229236046,190.7844229236046,0.0972,848.7821336049615,False,0.0031,0.023772455762343155,3.024098741403628,0.36370967741935484,12.11712760681067,"{""adx_threshold"": 20, ""atr_stop"": 3.0, ""atr_target"": 1.5, ""confirmation_bars"": 2, ""leg_a_atr_target"": 0.8, ""pullback_rsi"": 35, ""session_filter"": ""London"", ""time_stop_minutes"": 30, ""trail_mult"": 2.5}"
M5,trend_pullback,partial_tp_mr_time_stop,1240,0.15430808166019233,190.7844229236046,190.7844229236046,0.0972,848.7821336049615,False,0.0031,0.023772455762343155,3.024098741403628,0.36370967741935484,12.11712760681067,"{""adx_threshold"": 20, ""atr_stop"": 3.0, ""atr_target"": 1.0, ""confirmation_bars"": 2, ""leg_a_atr_target"": 0.8, ""pullback_rsi"": 35, ""session_filter"": ""London"", ""time_stop_minutes"": 90, ""trail_mult"": 2.5}"
M5,trend_pullback,partial_tp_mr_time_stop,1387,0.13536180775741435,237.1311223534709,237.1311223534709,0.1108,1300.4722508551552,False,0.0025,0.017090973451930547,2.546232895192796,0.39221341023792355,10.62521078939502,"{""adx_threshold"": 20, ""atr_stop"": 3.0, ""atr_target"": 1.0, ""confirmation_bars"": 1, ""leg_a_atr_target"": 1.0, ""pullback_rsi"": 35, ""session_filter"": ""London_NY"", ""time_stop_minutes"": 90, ""trail_mult"": 2.5}"
M5,trend_pullback,partial_tp_mr_time_stop,1387,0.13536180775741435,237.1311223534709,237.1311223534709,0.1108,1300.4722508551552,False,0.0025,0.017090973451930547,2.546232895192796,0.39221341023792355,10.625210789395018,"{""adx_threshold"": 20, ""atr_stop"": 3.0, ""atr_target"": 1.0, ""confirmation_bars"": 1, ""leg_a_atr_target"": 1.0, ""pullback_rsi"": 35, ""session_filter"": ""London_NY"", ""time_stop_minutes"": 60, ""trail_mult"": 2.5}"
M5,trend_pullback,partial_tp_mr_time_stop,1387,0.13536180775741435,237.1311223534709,237.1311223534709,0.1108,1300.4722508551552,False,0.0025,0.017090973451930547,2.546232895192796,0.39221341023792355,10.62521078939502,"{""adx_threshold"": 20, ""atr_stop"": 3.0, ""atr_target"": 1.5, ""confirmation_bars"": 1, ""leg_a_atr_target"": 1.0, ""pullback_rsi"": 35, ""session_filter"": ""London_NY"", ""time_stop_minutes"": 90, ""trail_mult"": 2.5}"
M5,trend_pullback,partial_tp_mr_time_stop,1387,0.13536180775741435,237.1311223534709,237.1311223534709,0.1108,1300.4722508551552,False,0.0025,0.017090973451930547,2.546232895192796,0.39221341023792355,10.62521078939502,"{""adx_threshold"": 20, ""atr_stop"": 3.0, ""atr_target"": 1.0, ""confirmation_bars"": 1, ""leg_a_atr_target"": 1.0, ""pullback_rsi"": 35, ""session_filter"": ""London_NY"", ""time_stop_minutes"": 30, ""trail_mult"": 2.5}"
M5,trend_pullback,partial_tp_mr_time_stop,1387,0.13536180775741435,237.1311223534709,237.1311223534709,0.1108,1300.4722508551552,False,0.0025,0.017090973451930547,2.546232895192796,0.39221341023792355,10.62521078939502,"{""adx_threshold"": 20, ""atr_stop"": 3.0, ""atr_target"": 1.5, ""confirmation_bars"": 1, ""leg_a_atr_target"": 1.0, ""pullback_rsi"": 35, ""session_filter"": ""London_NY"", ""time_stop_minutes"": 30, ""trail_mult"": 2.5}"
M5,trend_pullback,partial_tp_mr_time_stop,1387,0.13536180775741435,237.1311223534709,237.1311223534709,0.1108,1300.4722508551552,False,0.0025,0.017090973451930547,2.546232895192796,0.39221341023792355,10.625210789395018,"{""adx_threshold"": 20, ""atr_stop"": 3.0, ""atr_target"": 1.5, ""confirmation_bars"": 1, ""leg_a_atr_target"": 1.0, ""pullback_rsi"": 35, ""session_filter"": ""London_NY"", ""time_stop_minutes"": 60, ""trail_mult"": 2.5}"
M5,trend_pullback,partial_tp_mr_time_stop,1288,0.13736129735799285,261.9429228442089,261.9429228442088,0.1092,916.8198893314429,False,0.002,0.013957313480153772,2.6688490385623678,0.4091614906832298,11.197370591243933,"{""adx_threshold"": 25, ""atr_stop"": 3.0, ""atr_target"": 1.5, ""confirmation_bars"": 2, ""leg_a_atr_target"": 1.0, ""pullback_rsi"": 30, ""session_filter"": ""London_NY"", ""time_stop_minutes"": 60, ""trail_mult"": 2.5}"
M5,trend_pullback,partial_tp_mr_time_stop,1288,0.13736129735799285,261.9429228442089,261.9429228442088,0.1092,916.8198893314429,False,0.002,0.013957313480153772,2.6688490385623678,0.4091614906832298,11.197370591243935,"{""adx_threshold"": 25, ""atr_stop"": 3.0, ""atr_target"": 1.5, ""confirmation_bars"": 2, ""leg_a_atr_target"": 1.0, ""pullback_rsi"": 30, ""session_filter"": ""London_NY"", ""time_stop_minutes"": 30, ""trail_mult"": 2.5}"
M5,trend_pullback,partial_tp_mr_time_stop,1288,0.13736129735799285,261.9429228442089,261.9429228442088,0.1092,916.8198893314429,False,0.002,0.013957313480153772,2.6688490385623678,0.4091614906832298,11.197370591243935,"{""adx_threshold"": 25, ""atr_stop"": 3.0, ""atr_target"": 1.5, ""confirmation_bars"": 2, ""leg_a_atr_target"": 1.0, ""pullback_rsi"": 30, ""session_filter"": ""London_NY"", ""time_stop_minutes"": 90, ""trail_mult"": 2.5}"
M5,trend_pullback,partial_tp_mr_time_stop,1288,0.13736129735799285,261.9429228442089,261.9429228442088,0.1092,916.8198893314429,False,0.002,0.013957313480153772,2.6688490385623678,0.4091614906832298,11.197370591243935,"{""adx_threshold"": 25, ""atr_stop"": 3.0, ""atr_target"": 1.0, ""confirmation_bars"": 2, ""leg_a_atr_target"": 1.0, ""pullback_rsi"": 30, ""session_filter"": ""London_NY"", ""time_stop_minutes"": 90, ""trail_mult"": 2.5}"
M5,trend_pullback,partial_tp_mr_time_stop,1288,0.13736129735799285,261.9429228442089,261.9429228442088,0.1092,916.8198893314429,False,0.002,0.013957313480153772,2.6688490385623678,0.4091614906832298,11.197370591243933,"{""adx_threshold"": 25, ""atr_stop"": 3.0, ""atr_target"": 1.0, ""confirmation_bars"": 2, ""leg_a_atr_target"": 1.0, ""pullback_rsi"": 30, ""session_filter"": ""London_NY"", ""time_stop_minutes"": 60, ""trail_mult"": 2.5}"
M5,trend_pullback,partial_tp_mr_time_stop,1288,0.13736129735799285,261.9429228442089,261.9429228442088,0.1092,916.8198893314429,False,0.002,0.013957313480153772,2.6688490385623678,0.4091614906832298,11.197370591243935,"{""adx_threshold"": 25, ""atr_stop"": 3.0, ""atr_target"": 1.0, ""confirmation_bars"": 2, ""leg_a_atr_target"": 1.0, ""pullback_rsi"": 30, ""session_filter"": ""London_NY"", ""time_stop_minutes"": 30, ""trail_mult"": 2.5}"
M5,trend_pullback,partial_tp_mr_time_stop,1392,0.13002109256608813,288.1980131219461,288.19801312194596,0.1154,1644.6135910271437,False,0.0021,0.013507032298759715,2.484589825842238,0.3922413793103448,10.377112632717468,"{""adx_threshold"": 20, ""atr_stop"": 3.0, ""atr_target"": 1.5, ""confirmation_bars"": 2, ""leg_a_atr_target"": 1.0, ""pullback_rsi"": 35, ""session_filter"": ""London_NY"", ""time_stop_minutes"": 30, ""trail_mult"": 2.5}"
M5,trend_pullback,partial_tp_mr_time_stop,1392,0.13002109256608813,288.1980131219461,288.19801312194596,0.1154,1644.6135910271437,False,0.0021,0.013507032298759715,2.484589825842238,0.3922413793103448,10.377112632717468,"{""adx_threshold"": 20, ""atr_stop"": 3.0, ""atr_target"": 1.0, ""confirmation_bars"": 2, ""leg_a_atr_target"": 1.0, ""pullback_rsi"": 35, ""session_filter"": ""London_NY"", ""time_stop_minutes"": 30, ""trail_mult"": 2.5}"
M5,trend_pullback,partial_tp_mr_time_stop,1392,0.13002109256608813,288.1980131219461,288.19801312194596,0.1154,1644.6135910271437,False,0.0021,0.013507032298759715,2.484589825842238,0.3922413793103448,10.377112632717466,"{""adx_threshold"": 20, ""atr_stop"": 3.0, ""atr_target"": 1.5, ""confirmation_bars"": 2, ""leg_a_atr_target"": 1.0, ""pullback_rsi"": 35, ""session_filter"": ""London_NY"", ""time_stop_minutes"": 60, ""trail_mult"": 2.5}"
M5,trend_pullback,partial_tp_mr_time_stop,1392,0.13002109256608813,288.1980131219461,288.19801312194596,0.1154,1644.6135910271437,False,0.0021,0.013507032298759715,2.484589825842238,0.3922413793103448,10.377112632717468,"{""adx_threshold"": 20, ""atr_stop"": 3.0, ""atr_target"": 1.0, ""confirmation_bars"": 2, ""leg_a_atr_target"": 1.0, ""pullback_rsi"": 35, ""session_filter"": ""London_NY"", ""time_stop_minutes"": 90, ""trail_mult"": 2.5}"
M5,trend_pullback,partial_tp_mr_time_stop,1392,0.13002109256608813,288.1980131219461,288.19801312194596,0.1154,1644.6135910271437,False,0.0021,0.013507032298759715,2.484589825842238,0.3922413793103448,10.377112632717468,"{""adx_threshold"": 20, ""atr_stop"": 3.0, ""atr_target"": 1.5, ""confirmation_bars"": 2, ""leg_a_atr_target"": 1.0, ""pullback_rsi"": 35, ""session_filter"": ""London_NY"", ""time_stop_minutes"": 90, ""trail_mult"": 2.5}"
M5,trend_pullback,partial_tp_mr_time_stop,1392,0.13002109256608813,288.1980131219461,288.19801312194596,0.1154,1644.6135910271437,False,0.0021,0.013507032298759715,2.484589825842238,0.3922413793103448,10.377112632717466,"{""adx_threshold"": 20, ""atr_stop"": 3.0, ""atr_target"": 1.0, ""confirmation_bars"": 2, ""leg_a_atr_target"": 1.0, ""pullback_rsi"": 35, ""session_filter"": ""London_NY"", ""time_stop_minutes"": 60, ""trail_mult"": 2.5}"
M5,trend_pullback,mr_exit,2262,0.1575461306474195,128.3534931420004,128.41497126216314,0.0952,167.05183023986885,False,0.0016,0.012935397582692108,1.236369251631188,0.2564102564102564,12.394146660158537,"{""adx_threshold"": 25, ""atr_stop"": 3.0, ""atr_target"": 1.5, ""confirmation_bars"": 2, ""pullback_rsi"": 30, ""session_filter"": ""NY""}"
M5,trend_pullback,mr_exit,2262,0.1575461306474195,128.3534931420004,128.41497126216314,0.0952,167.05183023986885,False,0.0016,0.012935397582692108,1.236369251631188,0.2564102564102564,12.394146660158537,"{""adx_threshold"": 25, ""atr_stop"": 3.0, ""atr_target"": 1.0, ""confirmation_bars"": 2, ""pullback_rsi"": 30, ""session_filter"": ""NY""}"
M5,trend_pullback,partial_tp_mr_time_stop,1262,0.12463179919867162,357.3579659714805,357.35796597148084,0.1204,1718.3395274655481,False,0.0016,0.009980367932467702,2.653643713945247,0.4120443740095087,11.17098331107106,"{""adx_threshold"": 25, ""atr_stop"": 3.0, ""atr_target"": 1.5, ""confirmation_bars"": 2, ""leg_a_atr_target"": 1.0, ""pullback_rsi"": 30, ""session_filter"": null, ""time_stop_minutes"": 90, ""trail_mult"": 2.0}"
M5,trend_pullback,partial_tp_mr_time_stop,1262,0.12463179919867162,357.3579659714805,357.35796597148084,0.1204,1718.3395274655481,False,0.0016,0.009980367932467702,2.653643713945247,0.4120443740095087,11.17098331107106,"{""adx_threshold"": 25, ""atr_stop"": 3.0, ""atr_target"": 1.5, ""confirmation_bars"": 2, ""leg_a_atr_target"": 1.0, ""pullback_rsi"": 30, ""session_filter"": null, ""time_stop_minutes"": 30, ""trail_mult"": 2.0}"
M5,trend_pullback,partial_tp_mr_time_stop,1262,0.12463179919867162,357.3579659714805,357.35796597148084,0.1204,1718.3395274655481,False,0.0016,0.009980367932467702,2.653643713945247,0.4120443740095087,11.17098331107106,"{""adx_threshold"": 25, ""atr_stop"": 3.0, ""atr_target"": 1.0, ""confirmation_bars"": 2, ""leg_a_atr_target"": 1.0, ""pullback_rsi"": 30, ""session_filter"": null, ""time_stop_minutes"": 30, ""trail_mult"": 2.0}"
M5,trend_pullback,partial_tp_mr_time_stop,1262,0.12463179919867162,357.3579659714805,357.35796597148084,0.1204,1718.3395274655481,False,0.0016,0.009980367932467702,2.653643713945247,0.4120443740095087,11.17098331107106,"{""adx_threshold"": 25, ""atr_stop"": 3.0, ""atr_target"": 1.0, ""confirmation_bars"": 2, ""leg_a_atr_target"": 1.0, ""pullback_rsi"": 30, ""session_filter"": null, ""time_stop_minutes"": 60, ""trail_mult"": 2.0}"
M5,trend_pullback,partial_tp_mr_time_stop,1262,0.12463179919867162,357.3579659714805,357.35796597148084,0.1204,1718.3395274655481,False,0.0016,0.009980367932467702,2.653643713945247,0.4120443740095087,11.17098331107106,"{""adx_threshold"": 25, ""atr_stop"": 3.0, ""atr_target"": 1.5, ""confirmation_bars"": 2, ""leg_a_atr_target"": 1.0, ""pullback_rsi"": 30, ""session_filter"": null, ""time_stop_minutes"": 60, ""trail_mult"": 2.0}"
M5,trend_pullback,partial_tp_mr_time_stop,1262,0.12463179919867162,357.3579659714805,357.35796597148084,0.1204,1718.3395274655481,False,0.0016,0.009980367932467702,2.653643713945247,0.4120443740095087,11.17098331107106,"{""adx_threshold"": 25, ""atr_stop"": 3.0, ""atr_target"": 1.0, ""confirmation_bars"": 2, ""leg_a_atr_target"": 1.0, ""pullback_rsi"": 30, ""session_filter"": null, ""time_stop_minutes"": 90, ""trail_mult"": 2.0}"
